insert into kontinent (nazivkontinenta) values ('Europe');
insert into kontinent (nazivkontinenta) values ('Asia');
insert into kontinent (nazivkontinenta) values ('Australia');
insert into drzava (naziv, nazivkontinenta) values ('Austria', 'Europe');
insert into drzava (naziv, nazivkontinenta) values ('Belgium', 'Europe');
insert into drzava (naziv, nazivkontinenta) values ('Bulgaria', 'Europe');
insert into drzava (naziv, nazivkontinenta) values ('Croatia', 'Europe');
insert into drzava (naziv, nazivkontinenta) values ('Cyprus', 'Europe');
insert into drzava (naziv, nazivkontinenta) values ('Czech Republic', 'Europe');
insert into drzava (naziv, nazivkontinenta) values ('Denmark', 'Europe');
insert into drzava (naziv, nazivkontinenta) values ('Estonia', 'Europe');
insert into drzava (naziv, nazivkontinenta) values ('Finland', 'Europe');
insert into drzava (naziv, nazivkontinenta) values ('France', 'Europe');
insert into drzava (naziv, nazivkontinenta) values ('Germany', 'Europe');
insert into drzava (naziv, nazivkontinenta) values ('Greece', 'Europe');
insert into drzava (naziv, nazivkontinenta) values ('Hungary', 'Europe');
insert into drzava (naziv, nazivkontinenta) values ('Ireland', 'Europe');
insert into drzava (naziv, nazivkontinenta) values ('Italy', 'Europe');
insert into drzava (naziv, nazivkontinenta) values ('Latvia', 'Europe');
insert into drzava (naziv, nazivkontinenta) values ('Lithuania', 'Europe');
insert into drzava (naziv, nazivkontinenta) values ('Luxembourg', 'Europe');
insert into drzava (naziv, nazivkontinenta) values ('Malta', 'Europe');
insert into drzava (naziv, nazivkontinenta) values ('Netherlands', 'Europe');
insert into drzava (naziv, nazivkontinenta) values ('Poland', 'Europe');
insert into drzava (naziv, nazivkontinenta) values ('Portugal', 'Europe');
insert into drzava (naziv, nazivkontinenta) values ('Romania', 'Europe');
insert into drzava (naziv, nazivkontinenta) values ('Slovakia', 'Europe');
insert into drzava (naziv, nazivkontinenta) values ('Slovenia', 'Europe');
insert into drzava (naziv, nazivkontinenta) values ('Spain', 'Europe');
insert into drzava (naziv, nazivkontinenta) values ('Sweden', 'Europe');
insert into drzava (naziv, nazivkontinenta) values ('United Kingdom', 'Europe');
insert into drzava (naziv, nazivkontinenta) values ('Afghanistan', 'Asia');
insert into drzava (naziv, nazivkontinenta) values ('Armenia', 'Asia');
insert into drzava (naziv, nazivkontinenta) values ('Azerbaijan', 'Asia');
insert into drzava (naziv, nazivkontinenta) values ('Bahrain', 'Asia');
insert into drzava (naziv, nazivkontinenta) values ('Bangladesh', 'Asia');
insert into drzava (naziv, nazivkontinenta) values ('Bhutan', 'Asia');
insert into drzava (naziv, nazivkontinenta) values ('Brunei', 'Asia');
insert into drzava (naziv, nazivkontinenta) values ('Cambodia', 'Asia');
insert into drzava (naziv, nazivkontinenta) values ('Georgia', 'Asia');
insert into drzava (naziv, nazivkontinenta) values ('Hong Kong', 'Asia');
insert into drzava (naziv, nazivkontinenta) values ('India', 'Asia');
insert into drzava (naziv, nazivkontinenta) values ('Indonesia', 'Asia');
insert into drzava (naziv, nazivkontinenta) values ('Iran', 'Asia');
insert into drzava (naziv, nazivkontinenta) values ('Iraq', 'Asia');
insert into drzava (naziv, nazivkontinenta) values ('Israel', 'Asia');
insert into drzava (naziv, nazivkontinenta) values ('Japan', 'Asia');
insert into drzava (naziv, nazivkontinenta) values ('Jordan', 'Asia');
insert into drzava (naziv, nazivkontinenta) values ('Kazakhstan', 'Asia');
insert into drzava (naziv, nazivkontinenta) values ('Kuwait', 'Asia');
insert into drzava (naziv, nazivkontinenta) values ('Kyrgyzstan', 'Asia');
insert into drzava (naziv, nazivkontinenta) values ('Laos', 'Asia');
insert into drzava (naziv, nazivkontinenta) values ('Lebanon', 'Asia');
insert into drzava (naziv, nazivkontinenta) values ('Macau', 'Asia');
insert into drzava (naziv, nazivkontinenta) values ('China', 'Asia');
insert into drzava (naziv, nazivkontinenta) values ('Malaysia', 'Asia');
insert into drzava (naziv, nazivkontinenta) values ('Maldives', 'Asia');
insert into drzava (naziv, nazivkontinenta) values ('Mongolia', 'Asia');
insert into drzava (naziv, nazivkontinenta) values ('Myanmar', 'Asia');
insert into drzava (naziv, nazivkontinenta) values ('Nepal', 'Asia');
insert into drzava (naziv, nazivkontinenta) values ('North Korea', 'Asia');
insert into drzava (naziv, nazivkontinenta) values ('Oman', 'Asia');
insert into drzava (naziv, nazivkontinenta) values ('Pakistan', 'Asia');
insert into drzava (naziv, nazivkontinenta) values ('Palestine', 'Asia');
insert into drzava (naziv, nazivkontinenta) values ('Yemen', 'Asia');
insert into drzava (naziv, nazivkontinenta) values ('Philippines', 'Asia');
insert into drzava (naziv, nazivkontinenta) values ('Qatar', 'Asia');
insert into drzava (naziv, nazivkontinenta) values ('Saudi Arabia', 'Asia');
insert into drzava (naziv, nazivkontinenta) values ('Singapore', 'Asia');
insert into drzava (naziv, nazivkontinenta) values ('South Korea', 'Asia');
insert into drzava (naziv, nazivkontinenta) values ('American Samoa', 'Australia');
insert into drzava (naziv, nazivkontinenta) values ('Antarctica', 'Australia');
insert into drzava (naziv, nazivkontinenta) values ('Australia', 'Australia');
insert into drzava (naziv, nazivkontinenta) values ('Bouvet Island', 'Australia');
insert into drzava (naziv, nazivkontinenta) values ('Christmas Island', 'Australia');
insert into drzava (naziv, nazivkontinenta) values ('Cocos', 'Australia');
insert into drzava (naziv, nazivkontinenta) values ('Cook Islands', 'Australia');
insert into drzava (naziv, nazivkontinenta) values ('Fiji', 'Australia');
insert into drzava (naziv, nazivkontinenta) values ('French Polynesia', 'Australia');
insert into drzava (naziv, nazivkontinenta) values ('French Southern Territories', 'Australia');
insert into drzava (naziv, nazivkontinenta) values ('Guam', 'Australia');
insert into drzava (naziv, nazivkontinenta) values ('Heard Island', 'Australia');
insert into drzava (naziv, nazivkontinenta) values ('Kiribati', 'Australia');
insert into drzava (naziv, nazivkontinenta) values ('Marshall Islands', 'Australia');
insert into drzava (naziv, nazivkontinenta) values ('Micronesia', 'Australia');
insert into drzava (naziv, nazivkontinenta) values ('Nauru', 'Australia');
insert into drzava (naziv, nazivkontinenta) values ('New Caledonia', 'Australia');
insert into drzava (naziv, nazivkontinenta) values ('New Zealand', 'Australia');
insert into drzava (naziv, nazivkontinenta) values ('Niue', 'Australia');
insert into drzava (naziv, nazivkontinenta) values ('Norfolk Island', 'Australia');
insert into drzava (naziv, nazivkontinenta) values ('Northern Mariana', 'Australia');
insert into drzava (naziv, nazivkontinenta) values ('Islands', 'Australia');
insert into drzava (naziv, nazivkontinenta) values ('Palau', 'Australia');
insert into drzava (naziv, nazivkontinenta) values ('Papua New Guinea', 'Australia');
insert into drzava (naziv, nazivkontinenta) values ('Pitcairn Islands', 'Australia');
insert into drzava (naziv, nazivkontinenta) values ('Samoa', 'Australia');
insert into drzava (naziv, nazivkontinenta) values ('Solomon Islands', 'Australia');
insert into drzava (naziv, nazivkontinenta) values ('Tokelau', 'Australia');
insert into drzava (naziv, nazivkontinenta) values ('Tonga', 'Australia');
insert into drzava (naziv, nazivkontinenta) values ('Tuvalu', 'Australia');
insert into drzava (naziv, nazivkontinenta) values ('Vanuatu', 'Australia');
insert into drzava (naziv, nazivkontinenta) values ('Wallis and Futuna', 'Australia');
insert into lica (idlica, nazivdrzave) values (1, 'Azerbaijan');
insert into lica (idlica, nazivdrzave) values (2, 'Belgium');
insert into lica (idlica, nazivdrzave) values (3, 'Tuvalu');
insert into lica (idlica, nazivdrzave) values (4, 'Bangladesh');
insert into lica (idlica, nazivdrzave) values (5, 'Malta');
insert into lica (idlica, nazivdrzave) values (6, 'Tokelau');
insert into lica (idlica, nazivdrzave) values (7, 'Bangladesh');
insert into lica (idlica, nazivdrzave) values (8, 'Greece');
insert into lica (idlica, nazivdrzave) values (9, 'Tonga');
insert into lica (idlica, nazivdrzave) values (10, 'Denmark');
insert into lica (idlica, nazivdrzave) values (11, 'South Korea');
insert into lica (idlica, nazivdrzave) values (12, 'Laos');
insert into lica (idlica, nazivdrzave) values (13, 'Bangladesh');
insert into lica (idlica, nazivdrzave) values (14, 'Tonga');
insert into lica (idlica, nazivdrzave) values (15, 'India');
insert into lica (idlica, nazivdrzave) values (16, 'American Samoa');
insert into lica (idlica, nazivdrzave) values (17, 'Austria');
insert into lica (idlica, nazivdrzave) values (18, 'Croatia');
insert into lica (idlica, nazivdrzave) values (19, 'Tuvalu');
insert into lica (idlica, nazivdrzave) values (20, 'Tonga');
insert into lica (idlica, nazivdrzave) values (21, 'Japan');
insert into lica (idlica, nazivdrzave) values (22, 'Azerbaijan');
insert into lica (idlica, nazivdrzave) values (23, 'Wallis and Futuna');
insert into lica (idlica, nazivdrzave) values (24, 'Tuvalu');
insert into lica (idlica, nazivdrzave) values (25, 'Denmark');
insert into lica (idlica, nazivdrzave) values (26, 'Azerbaijan');
insert into lica (idlica, nazivdrzave) values (27, 'South Korea');
insert into lica (idlica, nazivdrzave) values (28, 'Tokelau');
insert into lica (idlica, nazivdrzave) values (29, 'Belgium');
insert into lica (idlica, nazivdrzave) values (30, 'Wallis and Futuna');
insert into lica (idlica, nazivdrzave) values (31, 'Tokelau');
insert into lica (idlica, nazivdrzave) values (32, 'American Samoa');
insert into lica (idlica, nazivdrzave) values (33, 'Denmark');
insert into lica (idlica, nazivdrzave) values (34, 'Belgium');
insert into lica (idlica, nazivdrzave) values (35, 'Laos');
insert into lica (idlica, nazivdrzave) values (36, 'Lithuania');
insert into lica (idlica, nazivdrzave) values (37, 'Solomon Islands');
insert into lica (idlica, nazivdrzave) values (38, 'Tokelau');
insert into lica (idlica, nazivdrzave) values (39, 'Tuvalu');
insert into lica (idlica, nazivdrzave) values (40, 'Lithuania');
insert into lica (idlica, nazivdrzave) values (41, 'Japan');
insert into lica (idlica, nazivdrzave) values (42, 'Belgium');
insert into lica (idlica, nazivdrzave) values (43, 'Tonga');
insert into lica (idlica, nazivdrzave) values (44, 'India');
insert into lica (idlica, nazivdrzave) values (45, 'Denmark');
insert into lica (idlica, nazivdrzave) values (46, 'Laos');
insert into lica (idlica, nazivdrzave) values (47, 'Austria');
insert into lica (idlica, nazivdrzave) values (48, 'Lithuania');
insert into lica (idlica, nazivdrzave) values (49, 'South Korea');
insert into lica (idlica, nazivdrzave) values (50, 'Azerbaijan');
insert into lica (idlica, nazivdrzave) values (51, 'Croatia');
insert into lica (idlica, nazivdrzave) values (52, 'India');
insert into lica (idlica, nazivdrzave) values (53, 'Lithuania');
insert into lica (idlica, nazivdrzave) values (54, 'Tokelau');
insert into lica (idlica, nazivdrzave) values (55, 'Wallis and Futuna');
insert into lica (idlica, nazivdrzave) values (56, 'Greece');
insert into lica (idlica, nazivdrzave) values (57, 'Wallis and Futuna');
insert into lica (idlica, nazivdrzave) values (58, 'Greece');
insert into lica (idlica, nazivdrzave) values (59, 'Tonga');
insert into lica (idlica, nazivdrzave) values (60, 'Solomon Islands');
insert into lica (idlica, nazivdrzave) values (61, 'American Samoa');
insert into lica (idlica, nazivdrzave) values (62, 'Tonga');
insert into lica (idlica, nazivdrzave) values (63, 'Tokelau');
insert into lica (idlica, nazivdrzave) values (64, 'American Samoa');
insert into lica (idlica, nazivdrzave) values (65, 'India');
insert into lica (idlica, nazivdrzave) values (66, 'Denmark');
insert into lica (idlica, nazivdrzave) values (67, 'Bangladesh');
insert into lica (idlica, nazivdrzave) values (68, 'Lithuania');
insert into lica (idlica, nazivdrzave) values (69, 'South Korea');
insert into lica (idlica, nazivdrzave) values (70, 'Greece');
insert into lica (idlica, nazivdrzave) values (71, 'Bangladesh');
insert into lica (idlica, nazivdrzave) values (72, 'Austria');
insert into lica (idlica, nazivdrzave) values (73, 'South Korea');
insert into lica (idlica, nazivdrzave) values (74, 'Tokelau');
insert into lica (idlica, nazivdrzave) values (75, 'Greece');
insert into lica (idlica, nazivdrzave) values (76, 'Laos');
insert into lica (idlica, nazivdrzave) values (77, 'Wallis and Futuna');
insert into lica (idlica, nazivdrzave) values (78, 'Azerbaijan');
insert into lica (idlica, nazivdrzave) values (79, 'Bangladesh');
insert into lica (idlica, nazivdrzave) values (80, 'Bangladesh');
insert into lica (idlica, nazivdrzave) values (81, 'American Samoa');
insert into lica (idlica, nazivdrzave) values (82, 'Tuvalu');
insert into lica (idlica, nazivdrzave) values (83, 'Lithuania');
insert into lica (idlica, nazivdrzave) values (84, 'Belgium');
insert into lica (idlica, nazivdrzave) values (85, 'Solomon Islands');
insert into lica (idlica, nazivdrzave) values (86, 'Azerbaijan');
insert into lica (idlica, nazivdrzave) values (87, 'Tuvalu');
insert into lica (idlica, nazivdrzave) values (88, 'Bangladesh');
insert into lica (idlica, nazivdrzave) values (89, 'Tuvalu');
insert into lica (idlica, nazivdrzave) values (90, 'Bangladesh');
insert into lica (idlica, nazivdrzave) values (91, 'Tokelau');
insert into lica (idlica, nazivdrzave) values (92, 'Greece');
insert into lica (idlica, nazivdrzave) values (93, 'Japan');
insert into lica (idlica, nazivdrzave) values (94, 'Greece');
insert into lica (idlica, nazivdrzave) values (95, 'Lithuania');
insert into lica (idlica, nazivdrzave) values (96, 'South Korea');
insert into lica (idlica, nazivdrzave) values (97, 'Solomon Islands');
insert into lica (idlica, nazivdrzave) values (98, 'Tuvalu');
insert into lica (idlica, nazivdrzave) values (99, 'Austria');
insert into lica (idlica, nazivdrzave) values (100, 'Denmark');
insert into fizicka_lica (idlica, ime, prezime, datumrodjenja, adresa) values (1, 'Burg', 'Ruckledge', '21-May-1971', '9963 Banding Drive');
insert into fizicka_lica (idlica, ime, prezime, datumrodjenja, adresa) values (2, 'Adolphus', 'Grafhom', '29-Jan-1970', '39 Trailsway Park');
insert into fizicka_lica (idlica, ime, prezime, datumrodjenja, adresa) values (3, 'Coreen', 'Ellwand', '29-Apr-1962', '73981 Burning Wood Place');
insert into fizicka_lica (idlica, ime, prezime, datumrodjenja, adresa) values (4, 'Jillana', 'Parell', '21-May-1984', '1 Green Circle');
insert into fizicka_lica (idlica, ime, prezime, datumrodjenja, adresa) values (5, 'Eulalie', 'Letixier', '07-Sep-1969', '06166 Mesta Pass');
insert into fizicka_lica (idlica, ime, prezime, datumrodjenja, adresa) values (6, 'Giraud', 'McCardle', '27-Sep-1967', '6980 Tennessee Avenue');
insert into fizicka_lica (idlica, ime, prezime, datumrodjenja, adresa) values (7, 'Leslie', 'Doble', '25-Jun-1984', '4690 Carpenter Junction');
insert into fizicka_lica (idlica, ime, prezime, datumrodjenja, adresa) values (8, 'Valery', 'Kerswell', '04-Mar-1971', '14 Sage Plaza');
insert into fizicka_lica (idlica, ime, prezime, datumrodjenja, adresa) values (9, 'Kellen', 'Dubois', '21-Sep-1973', '664 Michigan Plaza');
insert into fizicka_lica (idlica, ime, prezime, datumrodjenja, adresa) values (10, 'Carmine', 'McCurtin', '06-Aug-1982', '51859 Sutteridge Trail');
insert into fizicka_lica (idlica, ime, prezime, datumrodjenja, adresa) values (11, 'Cathryn', 'Jorn', '21-Jul-1973', '9 David Parkway');
insert into fizicka_lica (idlica, ime, prezime, datumrodjenja, adresa) values (12, 'Barret', 'Olver', '24-Aug-1988', '55424 Victoria Center');
insert into fizicka_lica (idlica, ime, prezime, datumrodjenja, adresa) values (13, 'Kelley', 'Kaley', '08-Oct-1966', '9 Sachs Circle');
insert into fizicka_lica (idlica, ime, prezime, datumrodjenja, adresa) values (14, 'Lyssa', 'Elflain', '26-Oct-1982', '681 Mariners Cove Way');
insert into fizicka_lica (idlica, ime, prezime, datumrodjenja, adresa) values (15, 'Nelly', 'Pooly', '16-Sep-1959', '1194 Sunnyside Plaza');
insert into fizicka_lica (idlica, ime, prezime, datumrodjenja, adresa) values (16, 'Margarethe', 'Chaldecott', '24-Aug-1985', '3947 Dapin Court');
insert into fizicka_lica (idlica, ime, prezime, datumrodjenja, adresa) values (17, 'Bird', 'Silverthorne', '20-Nov-1959', '77 Scofield Place');
insert into fizicka_lica (idlica, ime, prezime, datumrodjenja, adresa) values (18, 'Chloris', 'Knight', '10-Sep-1975', '166 Farragut Alley');
insert into fizicka_lica (idlica, ime, prezime, datumrodjenja, adresa) values (19, 'Jemmie', 'Caley', '30-Jan-1973', '727 Victoria Terrace');
insert into fizicka_lica (idlica, ime, prezime, datumrodjenja, adresa) values (20, 'Falkner', 'Sannes', '22-Nov-1981', '7 Annamark Point');
insert into fizicka_lica (idlica, ime, prezime, datumrodjenja, adresa) values (21, 'Melinde', 'Tatton', '16-Sep-1963', '37 Mcbride Drive');
insert into fizicka_lica (idlica, ime, prezime, datumrodjenja, adresa) values (22, 'Nathanial', 'Mackison', '05-Nov-1967', '5810 Vermont Center');
insert into fizicka_lica (idlica, ime, prezime, datumrodjenja, adresa) values (23, 'Jeffie', 'Kinforth', '15-Jun-1979', '3 Clemons Street');
insert into fizicka_lica (idlica, ime, prezime, datumrodjenja, adresa) values (24, 'Katerine', 'Donaher', '02-Apr-1965', '362 Texas Pass');
insert into fizicka_lica (idlica, ime, prezime, datumrodjenja, adresa) values (25, 'Audie', 'Di Maggio', '27-Apr-1963', '14388 Westport Trail');
insert into fizicka_lica (idlica, ime, prezime, datumrodjenja, adresa) values (26, 'Ainslie', 'Cluett', '25-Aug-1966', '869 Green Avenue');
insert into fizicka_lica (idlica, ime, prezime, datumrodjenja, adresa) values (27, 'Cosetta', 'Fiddler', '27-Sep-1981', '99209 Old Gate Trail');
insert into fizicka_lica (idlica, ime, prezime, datumrodjenja, adresa) values (28, 'Sol', 'Bhatia', '05-Apr-1985', '97583 Everett Drive');
insert into fizicka_lica (idlica, ime, prezime, datumrodjenja, adresa) values (29, 'Brianna', 'Cathesyed', '29-Mar-1967', '0 6th Center');
insert into fizicka_lica (idlica, ime, prezime, datumrodjenja, adresa) values (30, 'Franciskus', 'Valentine', '29-Jun-1961', '45085 Vermont Park');
insert into fizicka_lica (idlica, ime, prezime, datumrodjenja, adresa) values (31, 'Marketa', 'Jeenes', '18-Apr-1974', '7 Memorial Junction');
insert into fizicka_lica (idlica, ime, prezime, datumrodjenja, adresa) values (32, 'Henrieta', 'Rediers', '07-Jun-1971', '7 Moland Alley');
insert into fizicka_lica (idlica, ime, prezime, datumrodjenja, adresa) values (33, 'Aaron', 'Monteith', '18-Feb-1970', '14 Crownhardt Road');
insert into fizicka_lica (idlica, ime, prezime, datumrodjenja, adresa) values (34, 'Reba', 'Wile', '14-Apr-1960', '56808 Amoth Circle');
insert into fizicka_lica (idlica, ime, prezime, datumrodjenja, adresa) values (35, 'Hadria', 'Showte', '12-Apr-1959', '20363 International Pass');
insert into fizicka_lica (idlica, ime, prezime, datumrodjenja, adresa) values (36, 'Annabel', 'Prate', '06-Apr-1986', '3 Forest Park');
insert into fizicka_lica (idlica, ime, prezime, datumrodjenja, adresa) values (37, 'Brucie', 'Hucquart', '28-Mar-1959', '03383 Colorado Avenue');
insert into fizicka_lica (idlica, ime, prezime, datumrodjenja, adresa) values (38, 'Gertie', 'Alderton', '12-Aug-1963', '9 2nd Way');
insert into fizicka_lica (idlica, ime, prezime, datumrodjenja, adresa) values (39, 'Stefan', 'Fairfoull', '24-Aug-1976', '84648 Elmside Circle');
insert into fizicka_lica (idlica, ime, prezime, datumrodjenja, adresa) values (40, 'Julia', 'Robic', '24-Apr-1969', '91 Oxford Road');
insert into fizicka_lica (idlica, ime, prezime, datumrodjenja, adresa) values (41, 'Mead', 'Slocomb', '23-Oct-1964', '225 Melvin Lane');
insert into fizicka_lica (idlica, ime, prezime, datumrodjenja, adresa) values (42, 'Ailyn', 'Dyet', '11-Mar-1973', '2288 Anniversary Pass');
insert into fizicka_lica (idlica, ime, prezime, datumrodjenja, adresa) values (43, 'Renato', 'Hamflett', '12-Jul-1959', '08 West Street');
insert into fizicka_lica (idlica, ime, prezime, datumrodjenja, adresa) values (44, 'Mirna', 'Burgett', '12-May-1986', '19967 Autumn Leaf Drive');
insert into fizicka_lica (idlica, ime, prezime, datumrodjenja, adresa) values (45, 'Tiffy', 'Woolley', '16-Sep-1977', '2442 Warner Lane');
insert into fizicka_lica (idlica, ime, prezime, datumrodjenja, adresa) values (46, 'Lisbeth', 'Cominotti', '14-Jul-1968', '0547 Stoughton Lane');
insert into fizicka_lica (idlica, ime, prezime, datumrodjenja, adresa) values (47, 'Shari', 'Becker', '27-Mar-1967', '49343 Swallow Trail');
insert into fizicka_lica (idlica, ime, prezime, datumrodjenja, adresa) values (48, 'Jelene', 'Depport', '08-Aug-1960', '145 Grayhawk Place');
insert into fizicka_lica (idlica, ime, prezime, datumrodjenja, adresa) values (49, 'Isaac', 'Seemmonds', '05-Aug-1958', '7 Chive Plaza');
insert into fizicka_lica (idlica, ime, prezime, datumrodjenja, adresa) values (50, 'Odette', 'Khomishin', '22-Aug-1986', '43 Mallard Crossing');
insert into fizicka_lica (idlica, ime, prezime, datumrodjenja, adresa) values (51, 'Krishnah', 'Whitebread', '27-Sep-1987', '07905 Sachtjen Circle');
insert into fizicka_lica (idlica, ime, prezime, datumrodjenja, adresa) values (52, 'Xever', 'McDougal', '06-Jun-1988', '330 Melody Center');
insert into fizicka_lica (idlica, ime, prezime, datumrodjenja, adresa) values (53, 'Joey', 'Annis', '23-May-1975', '4 Bobwhite Crossing');
insert into fizicka_lica (idlica, ime, prezime, datumrodjenja, adresa) values (54, 'Carolynn', 'O''Crevan', '26-Apr-1981', '7 Mandrake Terrace');
insert into fizicka_lica (idlica, ime, prezime, datumrodjenja, adresa) values (55, 'Beale', 'Larking', '12-Jul-1979', '145 Bunker Hill Center');
insert into fizicka_lica (idlica, ime, prezime, datumrodjenja, adresa) values (56, 'Forster', 'Haskayne', '18-Feb-1982', '003 Goodland Road');
insert into fizicka_lica (idlica, ime, prezime, datumrodjenja, adresa) values (57, 'Reinwald', 'Kinchington', '29-Jan-1966', '663 Spaight Trail');
insert into fizicka_lica (idlica, ime, prezime, datumrodjenja, adresa) values (58, 'Herculie', 'Cresar', '27-Sep-1973', '7 Kedzie Drive');
insert into fizicka_lica (idlica, ime, prezime, datumrodjenja, adresa) values (59, 'Ulla', 'Bocke', '05-Nov-1971', '273 Mitchell Drive');
insert into fizicka_lica (idlica, ime, prezime, datumrodjenja, adresa) values (60, 'Brigitta', 'Leggett', '06-Apr-1962', '7 Sheridan Terrace');
insert into fizicka_lica (idlica, ime, prezime, datumrodjenja, adresa) values (61, 'Charissa', 'Bourgeois', '23-Jan-1965', '709 Chive Alley');
insert into fizicka_lica (idlica, ime, prezime, datumrodjenja, adresa) values (62, 'Merlina', 'Morena', '26-Mar-1961', '66770 Ruskin Parkway');
insert into fizicka_lica (idlica, ime, prezime, datumrodjenja, adresa) values (63, 'Titus', 'Brownsett', '28-Feb-1961', '3 Veith Court');
insert into fizicka_lica (idlica, ime, prezime, datumrodjenja, adresa) values (64, 'Findley', 'Gillet', '27-May-1960', '0 East Alley');
insert into fizicka_lica (idlica, ime, prezime, datumrodjenja, adresa) values (65, 'Peggie', 'Ornelas', '08-Dec-1982', '31157 Meadow Ridge Hill');
insert into fizicka_lica (idlica, ime, prezime, datumrodjenja, adresa) values (66, 'Berk', 'Mabbs', '11-Jun-1987', '34910 Service Street');
insert into fizicka_lica (idlica, ime, prezime, datumrodjenja, adresa) values (67, 'Pierre', 'Giraudot', '23-Mar-1963', '1526 Vermont Junction');
insert into fizicka_lica (idlica, ime, prezime, datumrodjenja, adresa) values (68, 'Moll', 'Skittrall', '29-Aug-1988', '8605 Jackson Terrace');
insert into fizicka_lica (idlica, ime, prezime, datumrodjenja, adresa) values (69, 'Kimberly', 'Showering', '13-Jul-1985', '3 Mockingbird Hill');
insert into fizicka_lica (idlica, ime, prezime, datumrodjenja, adresa) values (70, 'Lesli', 'Rozenbaum', '20-Apr-1975', '71512 Magdeline Point');
insert into fizicka_lica (idlica, ime, prezime, datumrodjenja, adresa) values (71, 'Roarke', 'Purrington', '11-Feb-1984', '3351 Schurz Way');
insert into fizicka_lica (idlica, ime, prezime, datumrodjenja, adresa) values (72, 'Cullin', 'Luis', '07-Nov-1971', '22661 Laurel Alley');
insert into fizicka_lica (idlica, ime, prezime, datumrodjenja, adresa) values (73, 'Elianore', 'Kenningham', '31-Jan-1988', '2172 Westport Trail');
insert into fizicka_lica (idlica, ime, prezime, datumrodjenja, adresa) values (74, 'Chelsie', 'Quartley', '16-Oct-1982', '40187 Ruskin Trail');
insert into fizicka_lica (idlica, ime, prezime, datumrodjenja, adresa) values (75, 'Micki', 'Howselee', '21-Mar-1966', '5 Bunker Hill Hill');
insert into fizicka_lica (idlica, ime, prezime, datumrodjenja, adresa) values (76, 'Torrin', 'Stanion', '12-Sep-1965', '74 Victoria Court');
insert into fizicka_lica (idlica, ime, prezime, datumrodjenja, adresa) values (77, 'Alvira', 'Scannell', '20-Mar-1983', '7563 Grayhawk Plaza');
insert into fizicka_lica (idlica, ime, prezime, datumrodjenja, adresa) values (78, 'Morlee', 'O''Shee', '18-Dec-1965', '4795 Fairview Pass');
insert into fizicka_lica (idlica, ime, prezime, datumrodjenja, adresa) values (79, 'Skip', 'Gorries', '09-Nov-1985', '1528 Sunfield Lane');
insert into fizicka_lica (idlica, ime, prezime, datumrodjenja, adresa) values (80, 'Darci', 'Gawen', '12-Aug-1988', '7 Ruskin Hill');
insert into fizicka_lica (idlica, ime, prezime, datumrodjenja, adresa) values (81, 'Simmonds', 'Spadelli', '05-Apr-1984', '0 Maywood Terrace');
insert into fizicka_lica (idlica, ime, prezime, datumrodjenja, adresa) values (82, 'Ross', 'Manes', '07-Oct-1971', '3 Hooker Drive');
insert into fizicka_lica (idlica, ime, prezime, datumrodjenja, adresa) values (83, 'Gorden', 'Hourston', '11-Nov-1979', '706 Starling Lane');
insert into fizicka_lica (idlica, ime, prezime, datumrodjenja, adresa) values (84, 'Danielle', 'Good', '28-Jul-1986', '73 Charing Cross Lane');
insert into fizicka_lica (idlica, ime, prezime, datumrodjenja, adresa) values (85, 'Shelagh', 'Daintith', '30-Jan-1978', '380 Comanche Trail');
insert into fizicka_lica (idlica, ime, prezime, datumrodjenja, adresa) values (86, 'Ivette', 'O''Shiel', '24-Jul-1963', '9 Maywood Road');
insert into fizicka_lica (idlica, ime, prezime, datumrodjenja, adresa) values (87, 'Jose', 'Setterthwait', '22-May-1983', '933 Fremont Parkway');
insert into fizicka_lica (idlica, ime, prezime, datumrodjenja, adresa) values (88, 'Lionello', 'Brower', '08-Oct-1967', '6916 Carpenter Hill');
insert into fizicka_lica (idlica, ime, prezime, datumrodjenja, adresa) values (89, 'Hewe', 'Peak', '31-Oct-1987', '4947 Manufacturers Pass');
insert into fizicka_lica (idlica, ime, prezime, datumrodjenja, adresa) values (90, 'Prince', 'Covert', '25-Oct-1969', '33 Westerfield Hill');
insert into fizicka_lica (idlica, ime, prezime, datumrodjenja, adresa) values (91, 'Abigale', 'Wordington', '05-Nov-1959', '79881 Bayside Point');
insert into fizicka_lica (idlica, ime, prezime, datumrodjenja, adresa) values (92, 'Brandea', 'Gallihaulk', '10-Aug-1969', '2 Sugar Road');
insert into fizicka_lica (idlica, ime, prezime, datumrodjenja, adresa) values (93, 'Jocelyne', 'Reaper', '24-Nov-1969', '97 Reindahl Circle');
insert into fizicka_lica (idlica, ime, prezime, datumrodjenja, adresa) values (94, 'Stacee', 'Lissemore', '01-Jan-1962', '41694 Farragut Parkway');
insert into fizicka_lica (idlica, ime, prezime, datumrodjenja, adresa) values (95, 'Susanna', 'Kittley', '03-Jan-1970', '13932 Sachs Drive');
insert into fizicka_lica (idlica, ime, prezime, datumrodjenja, adresa) values (96, 'Shela', 'Duddell', '27-Jun-1986', '54343 Holy Cross Point');
insert into fizicka_lica (idlica, ime, prezime, datumrodjenja, adresa) values (97, 'Ernestus', 'Cridlan', '05-Nov-1980', '244 Bunker Hill Point');
insert into fizicka_lica (idlica, ime, prezime, datumrodjenja, adresa) values (98, 'Avrom', 'Semmence', '21-Mar-1986', '4122 Dovetail Place');
insert into fizicka_lica (idlica, ime, prezime, datumrodjenja, adresa) values (99, 'Eugenie', 'Upcott', '12-Nov-1962', '3 Burrows Circle');
insert into fizicka_lica (idlica, ime, prezime, datumrodjenja, adresa) values (100, 'Shoshanna', 'Clulee', '28-Jun-1971', '54972 Vahlen Junction');
insert into pravna_lica (brugovora, idlica, naziv, sjediste, datumpotpisivanja, datumraskidanja) values ('6679', 1, 'Pacocha, Pfeffer and Gerhold', 'Laoqiao', '06-Jun-2004', null);
insert into pravna_lica (brugovora, idlica, naziv, sjediste, datumpotpisivanja, datumraskidanja) values ('68990', 2, 'Rice, Lang and Olson', 'Chosica', '25-Jul-2000', null);
insert into pravna_lica (brugovora, idlica, naziv, sjediste, datumpotpisivanja, datumraskidanja) values ('81', 3, 'Ritchie, Legros and Kuhic', 'Hofors', '27-Apr-2007', null);
insert into pravna_lica (brugovora, idlica, naziv, sjediste, datumpotpisivanja, datumraskidanja) values ('46079', 4, 'Renner-Volkman', 'Gigante', '11-Apr-1999', null);
insert into pravna_lica (brugovora, idlica, naziv, sjediste, datumpotpisivanja, datumraskidanja) values ('3', 5, 'Runolfsson Group', 'Pilang', '02-Sep-2001', null);
insert into pravna_lica (brugovora, idlica, naziv, sjediste, datumpotpisivanja, datumraskidanja) values ('7', 6, 'Wisozk-Mertz', 'Linköping', '17-Sep-2003', '22-Jun-2012');
insert into pravna_lica (brugovora, idlica, naziv, sjediste, datumpotpisivanja, datumraskidanja) values ('585', 7, 'Conroy, Toy and Homenick', 'Sindangsari', '31-Jul-2007', null);
insert into pravna_lica (brugovora, idlica, naziv, sjediste, datumpotpisivanja, datumraskidanja) values ('0', 8, 'Bartell and Sons', 'Yigo Village', '27-Mar-1998', '18-Jan-2009');
insert into pravna_lica (brugovora, idlica, naziv, sjediste, datumpotpisivanja, datumraskidanja) values ('7673', 9, 'Hammes and Sons', 'Ćmielów', '06-Apr-1998', null);
insert into pravna_lica (brugovora, idlica, naziv, sjediste, datumpotpisivanja, datumraskidanja) values ('49848', 10, 'Jacobs, Corwin and Turner', 'Kajuru', '10-Jan-2004', '20-Jul-2012');
insert into pravna_lica (brugovora, idlica, naziv, sjediste, datumpotpisivanja, datumraskidanja) values ('417', 11, 'Hilll and Sons', 'Xiamujiao', '10-Oct-2007', null);
insert into pravna_lica (brugovora, idlica, naziv, sjediste, datumpotpisivanja, datumraskidanja) values ('2', 12, 'Robel and Sons', 'San Carlos de Bariloche', '04-Jun-1998', '29-Aug-2015');
insert into pravna_lica (brugovora, idlica, naziv, sjediste, datumpotpisivanja, datumraskidanja) values ('23', 13, 'Bogisich-Nikolaus', 'Agrela', '18-Nov-2006', null);
insert into pravna_lica (brugovora, idlica, naziv, sjediste, datumpotpisivanja, datumraskidanja) values ('9', 14, 'Gleichner LLC', 'Oyabe', '26-Nov-1999', null);
insert into pravna_lica (brugovora, idlica, naziv, sjediste, datumpotpisivanja, datumraskidanja) values ('502', 15, 'Franecki-Rempel', 'Askersund', '16-Nov-2000', null);
insert into pravna_lica (brugovora, idlica, naziv, sjediste, datumpotpisivanja, datumraskidanja) values ('1752', 16, 'Davis, Sporer and Pouros', 'G’uzor', '12-Feb-2003', null);
insert into pravna_lica (brugovora, idlica, naziv, sjediste, datumpotpisivanja, datumraskidanja) values ('28867', 17, 'Hoppe, Pouros and Gutmann', 'Belgrade', '05-Dec-2004', '09-Oct-2008');
insert into pravna_lica (brugovora, idlica, naziv, sjediste, datumpotpisivanja, datumraskidanja) values ('9059', 18, 'Kling Inc', 'Heris', '14-Dec-1997', null);
insert into pravna_lica (brugovora, idlica, naziv, sjediste, datumpotpisivanja, datumraskidanja) values ('982', 19, 'Nader and Sons', 'Dijon', '24-Feb-2004', null);
insert into pravna_lica (brugovora, idlica, naziv, sjediste, datumpotpisivanja, datumraskidanja) values ('09862', 20, 'Bergnaum LLC', 'Tirmiz', '23-Sep-2003', null);
insert into pravna_lica (brugovora, idlica, naziv, sjediste, datumpotpisivanja, datumraskidanja) values ('6852', 21, 'Jenkins Group', 'La Paz', '03-Aug-2003', null);
insert into pravna_lica (brugovora, idlica, naziv, sjediste, datumpotpisivanja, datumraskidanja) values ('856', 22, 'Wilkinson', 'Coyah', '27-Sep-2003', null);
insert into pravna_lica (brugovora, idlica, naziv, sjediste, datumpotpisivanja, datumraskidanja) values ('211', 23, 'Starbucks', 'Belgrade', '27-Sep-2017', null);
insert into proizvodjaci (brugovora) values (0);
insert into proizvodjaci (brugovora) values (856);
insert into proizvodjaci (brugovora) values (6852);
insert into proizvodjaci (brugovora) values (585);
insert into proizvodjaci (brugovora) values (417);
insert into proizvodjaci (brugovora) values (49848);
insert into proizvodjaci (brugovora) values (7);
insert into proizvodjaci (brugovora) values (68990);
insert into proizvodjaci (brugovora) values (3);
insert into proizvodjaci (brugovora) values (81);
insert into kurirske_sluzbe (brugovora) values (0);
insert into kurirske_sluzbe (brugovora) values (502);
insert into kurirske_sluzbe (brugovora) values (2);
insert into kurirske_sluzbe (brugovora) values (6679);
insert into kurirske_sluzbe (brugovora) values (982);
insert into kurirske_sluzbe (brugovora) values (28867);
insert into kategorija (idkategorije, nadkategorija) values (15, null);
insert into kategorija (idkategorije, nadkategorija) values (16, null);
insert into kategorija (idkategorije, nadkategorija) values (17, null);
insert into kategorija (idkategorije, nadkategorija) values (18, null);
insert into kategorija (idkategorije, nadkategorija) values (19, null);
insert into kategorija (idkategorije, nadkategorija) values (20, null);
insert into kategorija (idkategorije, nadkategorija) values (21, null);
insert into kategorija (idkategorije, nadkategorija) values (22, null);
insert into kategorija (idkategorije, nadkategorija) values (23, null);
insert into kategorija (idkategorije, nadkategorija) values (24, null);
insert into kategorija (idkategorije, nadkategorija) values (25, 21);
insert into kategorija (idkategorije, nadkategorija) values (26, null);
insert into kategorija (idkategorije, nadkategorija) values (27, 23);
insert into kategorija (idkategorije, nadkategorija) values (28, null);
insert into kategorija (idkategorije, nadkategorija) values (29, null);
insert into kategorija (idkategorije, nadkategorija) values (30, null);
insert into kategorija (idkategorije, nadkategorija) values (31, null);
insert into kategorija (idkategorije, nadkategorija) values (32, null);
insert into kategorija (idkategorije, nadkategorija) values (33, null);
insert into kategorija (idkategorije, nadkategorija) values (34, null);
insert into kategorija (idkategorije, nadkategorija) values (35, 31);
insert into kategorija (idkategorije, nadkategorija) values (36, 32);
insert into kategorija (idkategorije, nadkategorija) values (37, 33);
insert into kategorija (idkategorije, nadkategorija) values (38, null);
insert into kategorija (idkategorije, nadkategorija) values (39, null);
insert into kupci (idKupca) values (15);
insert into kupci (idKupca) values (20);
insert into kupci (idKupca) values (25);
insert into kupci (idKupca) values (30);
insert into kupci (idKupca) values (35);
insert into kupci (idKupca) values (40);
insert into kupci (idKupca) values (45);
insert into kupci (idKupca) values (50);
insert into kupci (idKupca) values (55);
insert into kupci (idKupca) values (60);
insert into kupci (idKupca) values (65);
insert into kupci (idKupca) values (70);
insert into kupci (idKupca) values (75);
insert into kupci (idKupca) values (80);
insert into kupci (idKupca) values (85);
insert into kupci (idKupca) values (90);
insert into kupci (idKupca) values (95);
insert into kupci (idKupca) values (100);
insert into kupci (idKupca) values (105);
insert into kupci (idKupca) values (110);
insert into kupci (idKupca) values (115);
insert into kupci (idKupca) values (120);
insert into kupci (idKupca) values (125);
insert into kupci (idKupca) values (130);
insert into kupci (idKupca) values (135);
insert into odjel (idOdjela) values (374);
insert into odjel (idOdjela) values (391);
insert into odjel (idOdjela) values (408);
insert into odjel (idOdjela) values (425);
insert into odjel (idOdjela) values (442);
insert into odjel (idOdjela) values (459);
insert into odjel (idOdjela) values (476);
insert into odjel (idOdjela) values (493);
insert into odjel (idOdjela) values (510);
insert into odjel (idOdjela) values (527);
insert into odjel (idOdjela) values (544);
insert into odjel (idOdjela) values (561);
insert into odjel (idOdjela) values (578);
insert into odjel (idOdjela) values (595);
insert into odjel (idOdjela) values (612);
insert into odjel (idOdjela) values (629);
insert into odjel (idOdjela) values (646);
insert into odjel (idOdjela) values (663);
insert into odjel (idOdjela) values (680);
insert into odjel (idOdjela) values (697);
insert into odjel (idOdjela) values (714);
insert into odjel (idOdjela) values (731);
insert into odjel (idOdjela) values (748);
insert into odjel (idOdjela) values (765);
insert into odjel (idOdjela) values (782);
insert into uposlenici (iduposlenika, plata, brojugovora, brojracuna, idodjela) values (1, 3960, 952, 734191, 374);
insert into uposlenici (iduposlenika, plata, brojugovora, brojracuna, idodjela) values (2, 4175, 476, 971416, 391);
insert into uposlenici (iduposlenika, plata, brojugovora, brojracuna, idodjela) values (3, 2564, 418, 275392, 408);
insert into uposlenici (iduposlenika, plata, brojugovora, brojracuna, idodjela) values (4, 4741, 989, 327736, 425);
insert into uposlenici (iduposlenika, plata, brojugovora, brojracuna, idodjela) values (5, 2249, 235, 899700, 442);
insert into uposlenici (iduposlenika, plata, brojugovora, brojracuna, idodjela) values (6, 2837, 513, 810868, 459);
insert into uposlenici (iduposlenika, plata, brojugovora, brojracuna, idodjela) values (7, 1745, 689, 605668, 476);
insert into uposlenici (iduposlenika, plata, brojugovora, brojracuna, idodjela) values (8, 4288, 363, 646826, 493);
insert into uposlenici (iduposlenika, plata, brojugovora, brojracuna, idodjela) values (9, 2124, 251, 729408, 510);
insert into uposlenici (iduposlenika, plata, brojugovora, brojracuna, idodjela) values (10, 4393, 260, 727143, 527);
insert into uposlenici (iduposlenika, plata, brojugovora, brojracuna, idodjela) values (11, 4902, 921, 353890, 544);
insert into uposlenici (iduposlenika, plata, brojugovora, brojracuna, idodjela) values (12, 4831, 141, 604690, 561);
insert into uposlenici (iduposlenika, plata, brojugovora, brojracuna, idodjela) values (13, 2300, 952, 850716, 578);
insert into uposlenici (iduposlenika, plata, brojugovora, brojracuna, idodjela) values (14, 4174, 437, 616010, 595);
insert into uposlenici (iduposlenika, plata, brojugovora, brojracuna, idodjela) values (15, 3768, 230, 216474, 612);
insert into uposlenici (iduposlenika, plata, brojugovora, brojracuna, idodjela) values (16, 2681, 115, 931573, 629);
insert into uposlenici (iduposlenika, plata, brojugovora, brojracuna, idodjela) values (17, 4089, 299, 325857, 646);
insert into uposlenici (iduposlenika, plata, brojugovora, brojracuna, idodjela) values (18, 4944, 99, 539462, 663);
insert into uposlenici (iduposlenika, plata, brojugovora, brojracuna, idodjela) values (19, 4059, 883, 379365, 680);
insert into uposlenici (iduposlenika, plata, brojugovora, brojracuna, idodjela) values (20, 2800, 312, 479972, 697);
insert into uposlenici (iduposlenika, plata, brojugovora, brojracuna, idodjela) values (21, 3427, 672, 393127, 714);
insert into uposlenici (iduposlenika, plata, brojugovora, brojracuna, idodjela) values (22, 1607, 165, 917696, 731);
insert into uposlenici (iduposlenika, plata, brojugovora, brojracuna, idodjela) values (23, 3876, 267, 640078, 748);
insert into uposlenici (iduposlenika, plata, brojugovora, brojracuna, idodjela) values (24, 2935, 376, 964301, 765);
insert into skladista (idskladista, odgovornaosobaid, nazivdrzave, naziv, adresa) values (1, 2, 'France', 'Abeona Therapeutics Inc.', '26 Becker Trail');
insert into skladista (idskladista, odgovornaosobaid, nazivdrzave, naziv, adresa) values (2, 4, 'New Zealand', 'Steel Partners Holdings LP', '0 Alpine Place');
insert into skladista (idskladista, odgovornaosobaid, nazivdrzave, naziv, adresa) values (3, 6, 'Afghanistan', 'Investors Title Company', '109 Magdeline Terrace');
insert into skladista (idskladista, odgovornaosobaid, nazivdrzave, naziv, adresa) values (4, 8, 'France', 'Zayo Group Holdings, Inc.', '509 Homewood Alley');
insert into skladista (idskladista, odgovornaosobaid, nazivdrzave, naziv, adresa) values (5, 10, 'France', 'Rockwell Medical, Inc.', '78203 Thompson Circle');
insert into skladista (idskladista, odgovornaosobaid, nazivdrzave, naziv, adresa) values (6, 12, 'France', 'Magyar Bancorp, Inc.', '2 Leroy Hill');
insert into skladista (idskladista, odgovornaosobaid, nazivdrzave, naziv, adresa) values (8, 16, 'France', 'Regency Centers Corporation', '45 Caliangt Trail');
insert into skladista (idskladista, odgovornaosobaid, nazivdrzave, naziv, adresa) values (9, 18, 'France', 'Eagle Growth', '955 Jackson Center');
insert into skladista (idskladista, odgovornaosobaid, nazivdrzave, naziv, adresa) values (10, 20, 'France', 'Onconova Therapeutics, Inc.', '72 Loeprich Road');
insert into proizvod (idproizvoda, cijena, naziv, idkategorije) values (1, '875', 'Mulberry Mix', 16);
insert into proizvod (idproizvoda, cijena, naziv, idkategorije) values (2, '420', 'Chlorothiazide', 17);
insert into proizvod (idproizvoda, cijena, naziv, idkategorije) values (3, '9631', 'Aloe Up', 18);
insert into proizvod (idproizvoda, cijena, naziv, idkategorije) values (4, '9', 'Infant Glycerin Laxative', 19);
insert into proizvod (idproizvoda, cijena, naziv, idkategorije) values (5, '3325', 'Gabapentin', 20);
insert into proizvod (idproizvoda, cijena, naziv, idkategorije) values (6, '2588', 'Sentroxatine', 21);
insert into proizvod (idproizvoda, cijena, naziv, idkategorije) values (7, '39117', 'Mint Cough Drops', 22);
insert into proizvod (idproizvoda, cijena, naziv, idkategorije) values (8, '765', 'Turbo Arnica', 23);
insert into proizvod (idproizvoda, cijena, naziv, idkategorije) values (9, '2', 'Blistex', 24);
insert into proizvod (idproizvoda, cijena, naziv, idkategorije) values (10, '970', 'SIncalide', 25);
insert into faktura (idfakture, idkupca, datumprodaje, iznosracuna) values (3, 15, '05-Oct-2006', '886');
insert into faktura (idfakture, idkupca, datumprodaje, iznosracuna) values (4, 20, '22-Nov-2014', '019');
insert into faktura (idfakture, idkupca, datumprodaje, iznosracuna) values (5, 25, '01-Sep-2014', '50');
insert into faktura (idfakture, idkupca, datumprodaje, iznosracuna) values (6, 30, '14-Feb-2003', '44131');
insert into faktura (idfakture, idkupca, datumprodaje, iznosracuna) values (7, 35, '26-Mar-2018', '191');
insert into faktura (idfakture, idkupca, datumprodaje, iznosracuna) values (8, 40, '19-May-2018', '5');
insert into faktura (idfakture, idkupca, datumprodaje, iznosracuna) values (9, 45, '18-Jan-1998', '979');
insert into faktura (idfakture, idkupca, datumprodaje, iznosracuna) values (10, 50, '27-Jul-2000', '0');
insert into faktura (idfakture, idkupca, datumprodaje, iznosracuna) values (11, 55, '20-Jan-2004', '49505');
insert into faktura (idfakture, idkupca, datumprodaje, iznosracuna) values (12, 60, '19-Aug-2018', '60024');
insert into faktura (idfakture, idkupca, datumprodaje, iznosracuna) values (13, 65, '21-Jul-2015', '32997');
insert into faktura (idfakture, idkupca, datumprodaje, iznosracuna) values (14, 70, '12-Nov-2015', '6');
insert into faktura (idfakture, idkupca, datumprodaje, iznosracuna) values (15, 75, '01-Jun-2009', '155');
insert into faktura (idfakture, idkupca, datumprodaje, iznosracuna) values (16, 80, '14-Mar-2011', '9271');
insert into faktura (idfakture, idkupca, datumprodaje, iznosracuna) values (17, 85, '08-Jun-2002', '3');
insert into faktura (idfakture, idkupca, datumprodaje, iznosracuna) values (18, 90, '29-May-2017', '08031');
insert into faktura (idfakture, idkupca, datumprodaje, iznosracuna) values (19, 95, '02-Jan-2013', '3588');
insert into faktura (idfakture, idkupca, datumprodaje, iznosracuna) values (20, 100, '03-Oct-1998', '820');
insert into kolicina (kolicinarobe, idfakture, idproizvoda) values (14, 3, 1);
insert into kolicina (kolicinarobe, idfakture, idproizvoda) values (86, 4, 2);
insert into kolicina (kolicinarobe, idfakture, idproizvoda) values (31, 5, 3);
insert into kolicina (kolicinarobe, idfakture, idproizvoda) values (55, 6, 4);
insert into kolicina (kolicinarobe, idfakture, idproizvoda) values (56, 7, 5);
insert into kolicina (kolicinarobe, idfakture, idproizvoda) values (33, 8, 6);
insert into kolicina (kolicinarobe, idfakture, idproizvoda) values (96, 9, 7);
insert into kolicina (kolicinarobe, idfakture, idproizvoda) values (26, 10, 8);
insert into kolicina (kolicinarobe, idfakture, idproizvoda) values (16, 20, 9);
insert into kolicina (kolicinarobe, idfakture, idproizvoda) values (18, 12, 10);
insert into popust (idpopusta, idproizvoda, aktuelnipopust, procenatpopusta) values (1, 1, 0, 17);
insert into popust (idpopusta, idproizvoda, aktuelnipopust, procenatpopusta) values (2, 2, 8, 15);
insert into popust (idpopusta, idproizvoda, aktuelnipopust, procenatpopusta) values (3, 3, 4, 23);
insert into popust (idpopusta, idproizvoda, aktuelnipopust, procenatpopusta) values (4, 4, 9, 17);
insert into popust (idpopusta, idproizvoda, aktuelnipopust, procenatpopusta) values (5, 5, 10, 19);
insert into popust (idpopusta, idproizvoda, aktuelnipopust, procenatpopusta) values (6, 6, 0, 16);
insert into popust (idpopusta, idproizvoda, aktuelnipopust, procenatpopusta) values (7, 7, 5, 26);
insert into popust (idpopusta, idproizvoda, aktuelnipopust, procenatpopusta) values (8, 8, 4, 6);
insert into popust (idpopusta, idproizvoda, aktuelnipopust, procenatpopusta) values (9, 9, 1, 28);
insert into popust (idpopusta, idproizvoda, aktuelnipopust, procenatpopusta) values (10, 10, 5, null);
insert into garancija (idgarancije, idfakture, datumpocetka, datumisteka) values (1, 3, '14-Apr-2014', '08-Aug-2018');
insert into garancija (idgarancije, idfakture, datumpocetka, datumisteka) values (2, 4, '18-Sep-2013', '15-Jun-2021');
insert into garancija (idgarancije, idfakture, datumpocetka, datumisteka) values (3, 5, '10-Apr-2016', '12-Dec-2019');
insert into garancija (idgarancije, idfakture, datumpocetka, datumisteka) values (4, 6, '25-Nov-2012', '11-Sep-2020');
insert into garancija (idgarancije, idfakture, datumpocetka, datumisteka) values (5, 7, '30-Aug-2015', '15-Sep-2021');
insert into garancija (idgarancije, idfakture, datumpocetka, datumisteka) values (6, 8, '11-Jun-2014', '20-Jul-2020');
insert into garancija (idgarancije, idfakture, datumpocetka, datumisteka) values (7, 9, '16-Jun-2016', '19-Oct-2020');
insert into garancija (idgarancije, idfakture, datumpocetka, datumisteka) values (8, 10, '10-Oct-2013', '23-Sep-2020');
insert into garancija (idgarancije, idfakture, datumpocetka, datumisteka) values (9, 11, '20-Oct-2016', '05-Apr-2019');
insert into garancija (idgarancije, idfakture, datumpocetka, datumisteka) values (10, 12, '31-May-2013', '07-Jul-2019');