-6.055,-5.69
-6.05,-5.69
-6.065,-5.695
-6.055,-5.685
-6.065,-5.68
-6.055,-5.665
-6.05,-5.65
-6.04,-5.65
-6.05,-5.67
-6.06,-5.66
-6.05,-5.68
-6.065,-5.675
-6.085,-5.68
-6.08,-5.695
-6.07,-5.695
-6.065,-5.685
-6.05,-5.69
-6.04,-5.67
-6.035,-5.675
-6.025,-5.665
-6.015,-5.67
-6.025,-5.68
-6.035,-5.68
-6.055,-5.7
-6.035,-5.71
-6.03,-5.71
-6.02,-5.705
-6.005,-5.69
-6.015,-5.675
-6.02,-5.655
-6.01,-5.655
-6.005,-5.63
-6,-5.62
-6.01,-5.645
-5.995,-5.655
-5.99,-5.645
-5.995,-5.625
-5.975,-5.595
-5.94,-5.57
-5.86,-5.505
-5.745,-5.475
-5.62,-5.475
-5.44,-5.505
-5.275,-5.595
-5.11,-5.75
-4.935,-5.91
-4.725,-6.075
-4.535,-6.25
-4.32,-6.43
-4.09,-6.625
-3.865,-6.83
-3.65,-7.03
-3.46,-7.215
-3.33,-7.385
-3.245,-7.48
-3.19,-7.535
-3.17,-7.56
-3.185,-7.575
-3.23,-7.59
-3.29,-7.585
-3.36,-7.6
-3.445,-7.565
-3.515,-7.53
-3.565,-7.44
-3.545,-7.335
-3.51,-7.215
-3.495,-7.13
-3.49,-7.04
-3.52,-6.955
-3.605,-6.87
-3.73,-6.78
-3.895,-6.71
-4.05,-6.625
-4.235,-6.565
-4.47,-6.47
-4.77,-6.39
-5.115,-6.295
-5.475,-6.22
-5.785,-6.1
-6.025,-5.98
-6.18,-5.885
-6.22,-5.785
-6.205,-5.695
-6.185,-5.65
-6.19,-5.62
-6.215,-5.625
-6.265,-5.615
-6.3,-5.585
-6.335,-5.57
-6.37,-5.54
-6.395,-5.51
-6.39,-5.495
-6.41,-5.48
-6.425,-5.47
-6.45,-5.46
-6.49,-5.46
-6.505,-5.475
-6.52,-5.465
-6.525,-5.465
-6.54,-5.44
-6.525,-5.425
-6.55,-5.41
-6.54,-5.39
-6.535,-5.38
-6.555,-5.375
-6.565,-5.39
-6.585,-5.39
-6.595,-5.39
-6.61,-5.39
-6.615,-5.375
-6.635,-5.36
-6.645,-5.34
-6.645,-5.34
-6.63,-5.295
-6.625,-5.27
-6.61,-5.245
-6.63,-5.21
-6.625,-5.2
-6.645,-5.185
-6.65,-5.175
-6.65,-5.175
-6.67,-5.145
-6.67,-5.14
-6.665,-5.095
-6.65,-5.07
-6.645,-5.04
-6.615,-5.015
-6.605,-5
-6.61,-5.01
-6.62,-5.02
-6.66,-5.04
-6.695,-5.055
-6.73,-5.065
-6.76,-5.06
-6.805,-5.03
-6.845,-5.01
-6.875,-4.97
-6.895,-4.935
-6.94,-4.92
-6.985,-4.88
-7.045,-4.86
-7.135,-4.85
-7.2,-4.835
-7.265,-4.825
-7.325,-4.79
-7.365,-4.755
-7.41,-4.74
-7.44,-4.73
-7.445,-4.695
-7.45,-4.685
-7.47,-4.665
-7.485,-4.67
-7.505,-4.66
-7.515,-4.675
-7.535,-4.685
-7.555,-4.7
-7.55,-4.705
-7.555,-4.72
-7.56,-4.74
-7.545,-4.745
-7.52,-4.765
-7.495,-4.765
-7.465,-4.78
-7.44,-4.79
-7.41,-4.82
-7.385,-4.86
-7.35,-4.885
-7.3,-4.925
-7.26,-4.965
-7.22,-5.005
-7.185,-5.045
-7.12,-5.07
-7.065,-5.1
-7.01,-5.125
-6.935,-5.15
-6.875,-5.18
-6.83,-5.215
-6.78,-5.255
-6.73,-5.295
-6.69,-5.35
-6.63,-5.385
-6.61,-5.425
-6.56,-5.455
-6.52,-5.475
-6.475,-5.5
-6.425,-5.49
-6.39,-5.505
-6.365,-5.52
-6.345,-5.545
-6.345,-5.55
-6.325,-5.575
-6.335,-5.61
-6.325,-5.625
-6.335,-5.635
-6.32,-5.635
-6.315,-5.635
-6.3,-5.62
-6.29,-5.61
-6.285,-5.605
-6.275,-5.605
-6.28,-5.62
-6.285,-5.625
-6.29,-5.63
-6.31,-5.635
-6.3,-5.65
-6.31,-5.665
-6.3,-5.655
-6.315,-5.64
-6.285,-5.62
-6.275,-5.61
-6.265,-5.6
-6.245,-5.585
-6.25,-5.595
-6.24,-5.6
-6.265,-5.61
-6.265,-5.63
-6.25,-5.62
-6.26,-5.635
-6.26,-5.655
-6.27,-5.635
-6.245,-5.63
-6.24,-5.6
-6.23,-5.61
-6.23,-5.61
-6.225,-5.605
-6.22,-5.625
-6.23,-5.635
-6.235,-5.66
-6.23,-5.645
-6.235,-5.66
-6.235,-5.655
-6.25,-5.635
-6.225,-5.645
-6.22,-5.62
-6.205,-5.605
-6.185,-5.625
-6.19,-5.62
-6.2,-5.615
-6.21,-5.635
-6.22,-5.64
-6.21,-5.655
-6.22,-5.69
-6.215,-5.665
-6.22,-5.65
-6.21,-5.645
-6.205,-5.66
-6.19,-5.635
-6.175,-5.63
-6.17,-5.645
-6.17,-5.65
-6.21,-5.655
-6.21,-5.68
-6.2,-5.675
-6.205,-5.705
-6.21,-5.675
-6.195,-5.685
-6.195,-5.67
-6.185,-5.665
-6.17,-5.65
-6.175,-5.65
-6.185,-5.65
-6.2,-5.645
-6.2,-5.665
-6.2,-5.68
-6.195,-5.685
-6.185,-5.705
-6.175,-5.705
-6.185,-5.715
-6.185,-5.695
-6.19,-5.695
-6.16,-5.675
-6.145,-5.685
-6.15,-5.685
-6.155,-5.68
-6.16,-5.695
-6.165,-5.68
-6.18,-5.705
-6.175,-5.7
-6.19,-5.695
-6.18,-5.695
-6.18,-5.68
-6.155,-5.68
-6.16,-5.685
-6.145,-5.655
-6.15,-5.675
-6.145,-5.685
-6.155,-5.68
-6.15,-5.69
-6.15,-5.71
-6.155,-5.73
-6.155,-5.72
-6.15,-5.72
-6.15,-5.71
-6.145,-5.7
-6.145,-5.685
-6.14,-5.695
-6.125,-5.685
-6.13,-5.7
-6.125,-5.695
-6.135,-5.705
-6.15,-5.73
-6.165,-5.73
-6.16,-5.71
-6.15,-5.72
-6.15,-5.71
-6.125,-5.705
-6.125,-5.69
-6.105,-5.675
-6.125,-5.69
-6.115,-5.7
-6.13,-5.7
-6.15,-5.715
-6.15,-5.735
-6.16,-5.745
-6.155,-5.72
-6.16,-5.72
-6.17,-5.72
-6.145,-5.725
-6.145,-5.7
-6.115,-5.69
-6.105,-5.695
-6.11,-5.705
-6.115,-5.72
-6.12,-5.7
-6.115,-5.745
-6.145,-5.74
-6.14,-5.725
-6.135,-5.73
-6.135,-5.71
-6.115,-5.715
-6.105,-5.69
-6.105,-5.7
-6.115,-5.7
-6.125,-5.705
-6.12,-5.705
-6.14,-5.72
-6.13,-5.725
-6.13,-5.74
-6.125,-5.735
-6.125,-5.745
-6.11,-5.725
-6.095,-5.715
-6.115,-5.71
-6.095,-5.7
-6.1,-5.69
-6.1,-5.705
-6.11,-5.73
-6.11,-5.735
-6.11,-5.73
-6.115,-5.755
-6.12,-5.735
-6.13,-5.72
-6.115,-5.73
-6.115,-5.72
-6.11,-5.71
-6.09,-5.715
-6.085,-5.705
-6.09,-5.725
-6.095,-5.73
-6.1,-5.74
-6.115,-5.735
-6.11,-5.76
-6.11,-5.74
-6.12,-5.72
-6.115,-5.725
-6.105,-5.725
-6.08,-5.705
-6.075,-5.7
-6.075,-5.705
-6.06,-5.72
-6.085,-5.725
-6.09,-5.725
-6.095,-5.73
-6.11,-5.75
-6.105,-5.745
-6.11,-5.75
-6.1,-5.73
-6.09,-5.73
-6.1,-5.73
-6.09,-5.72
-6.09,-5.715
-6.105,-5.705
-6.105,-5.735
-6.125,-5.74
-6.13,-5.74
-6.12,-5.735
-6.125,-5.74
-6.115,-5.725
-6.105,-5.71
-6.085,-5.715
-6.07,-5.71
-6.075,-5.705
-6.07,-5.71
-6.075,-5.715
-6.085,-5.725
-6.085,-5.735
-6.09,-5.75
-6.1,-5.735
-6.105,-5.74
-6.11,-5.74
-6.1,-5.73
-6.095,-5.71
-6.085,-5.7
-6.085,-5.715
-6.07,-5.73
-6.07,-5.72
-6.08,-5.715
-6.08,-5.725
-6.1,-5.74
-6.095,-5.745
-6.1,-5.75
-6.105,-5.735
-6.095,-5.72
-6.095,-5.72
-6.085,-5.71
-6.065,-5.71
-6.06,-5.72
-6.075,-5.72
-6.075,-5.735
-6.085,-5.735
-6.1,-5.77
-6.11,-5.765
-6.095,-5.765
-6.095,-5.75
-6.095,-5.74
-6.075,-5.735
-6.065,-5.73
-6.07,-5.73
-6.06,-5.72
-6.065,-5.73
-6.075,-5.74
-6.1,-5.745
-6.1,-5.745
-6.105,-5.75
-6.11,-5.75
-6.105,-5.745
-6.085,-5.725
-6.095,-5.725
-6.09,-5.72
-6.09,-5.71
-6.075,-5.72
-6.085,-5.715
-6.09,-5.73
-6.095,-5.755
-6.085,-5.76
-6.09,-5.755
-6.095,-5.75
-6.09,-5.73
-6.07,-5.725
-6.045,-5.705
-6.025,-5.69
-5.995,-5.67
-5.975,-5.66
-5.96,-5.65
-5.945,-5.66
-5.97,-5.665
-5.965,-5.65
-5.95,-5.685
-5.935,-5.67
-5.91,-5.645
-5.875,-5.65
-5.835,-5.62
-5.775,-5.625
-5.74,-5.61
-5.735,-5.635
-5.73,-5.655
-5.735,-5.685
-5.75,-5.71
-5.775,-5.745
-5.78,-5.76
-5.76,-5.765
-5.77,-5.75
-5.77,-5.745
-5.795,-5.73
-5.835,-5.74
-5.895,-5.715
-5.93,-5.735
-5.975,-5.73
-6.03,-5.735
-6.06,-5.745
-6.08,-5.755
-6.1,-5.77
-6.11,-5.78
-6.1,-5.765
-6.115,-5.765
-6.095,-5.765
-6.1,-5.75
-6.08,-5.735
-6.08,-5.76
-6.09,-5.765
-6.095,-5.775
-6.12,-5.77
-6.105,-5.79
-6.12,-5.795
-6.135,-5.8
-6.135,-5.775
-6.13,-5.775
-6.105,-5.755
-6.095,-5.75
-6.08,-5.74
-6.09,-5.76
-6.1,-5.745
-6.15,-5.765
-6.19,-5.77
-6.2,-5.755
-6.195,-5.74
-6.145,-5.7
-6.035,-5.635
-5.855,-5.595
-5.62,-5.585
-5.31,-5.595
-4.965,-5.655
-4.6,-5.775
-4.29,-5.94
-4.075,-6.135
-3.97,-6.36
-3.955,-6.52
-4.045,-6.64
-4.22,-6.7
-4.56,-6.675
-4.995,-6.635
-5.48,-6.565
-5.91,-6.51
-6.165,-6.44
-6.22,-6.36
-6.145,-6.3
-6.015,-6.22
-5.9,-6.16
-5.85,-6.095
-5.865,-6.04
-5.905,-5.995
-5.975,-5.925
-6.03,-5.895
-6.085,-5.83
-6.095,-5.805
-6.09,-5.765
-6.08,-5.775
-6.09,-5.75
-6.1,-5.76
-6.1,-5.75
-6.115,-5.76
-6.12,-5.745
-6.115,-5.73
-6.145,-5.725
-6.145,-5.7
-6.115,-5.685
-6.125,-5.675
-6.115,-5.67
-6.125,-5.67
-6.12,-5.7
-6.13,-5.7
-6.135,-5.71
-6.125,-5.71
-6.16,-5.71
-6.155,-5.71
-6.15,-5.715
-6.15,-5.68
-6.13,-5.69
-6.12,-5.675
-6.12,-5.65
-6.11,-5.665
-6.12,-5.685
-6.12,-5.685
-6.13,-5.68
-6.13,-5.685
-6.14,-5.68
-6.14,-5.685
-6.14,-5.69
-6.12,-5.66
-6.125,-5.645
-6.115,-5.65
-6.115,-5.645
-6.11,-5.665
-6.115,-5.665
-6.11,-5.665
-6.11,-5.655
-6.115,-5.68
-6.12,-5.675
-6.12,-5.67
-6.105,-5.68
-6.105,-5.675
-6.09,-5.65
-6.08,-5.64
-6.07,-5.645
-6.075,-5.63
-6.07,-5.635
-6.075,-5.65
-6.06,-5.65
-6.08,-5.665
-6.08,-5.66
-6.085,-5.66
-6.07,-5.66
-6.06,-5.65
-6.045,-5.645
-6.035,-5.62
-6.01,-5.61
-6.005,-5.62
-5.99,-5.635
-6,-5.625
-6.01,-5.645
-6,-5.645
-6.02,-5.65
-5.995,-5.645
-5.985,-5.65
-5.95,-5.63
-5.925,-5.61
-5.905,-5.615
-5.89,-5.615
-5.875,-5.61
-5.87,-5.61
-5.87,-5.605
-5.86,-5.615
-5.845,-5.64
-5.845,-5.63
-5.82,-5.645
-5.825,-5.63
-5.8,-5.605
-5.795,-5.62
-5.785,-5.61
-5.74,-5.6
-5.725,-5.63
-5.715,-5.61
-5.71,-5.63
-5.705,-5.625
-5.705,-5.63
-5.705,-5.655
-5.695,-5.645
-5.68,-5.645
-5.675,-5.645
-5.645,-5.635
-5.63,-5.63
-5.615,-5.64
-5.595,-5.635
-5.585,-5.665
-5.58,-5.675
-5.575,-5.685
-5.58,-5.71
-5.585,-5.715
-5.59,-5.73
-5.605,-5.725
-5.6,-5.71
-5.6,-5.71
-5.62,-5.695
-5.625,-5.69
-5.64,-5.7
-5.68,-5.705
-5.7,-5.72
-5.715,-5.72
-5.745,-5.73
-5.78,-5.725
-5.8,-5.735
-5.825,-5.715
-5.835,-5.72
-5.835,-5.71
-5.87,-5.705
-5.86,-5.68
-5.87,-5.69
-5.895,-5.695
-5.91,-5.695
-5.925,-5.715
-5.94,-5.715
-5.935,-5.73
-5.945,-5.735
-5.955,-5.735
-5.95,-5.72
-5.94,-5.695
-5.935,-5.715
-5.91,-5.715
-5.94,-5.705
-5.93,-5.71
-5.94,-5.72
-5.93,-5.74
-5.93,-5.755
-5.945,-5.75
-5.945,-5.755
-5.95,-5.735
-5.94,-5.73
-5.92,-5.715
-5.925,-5.72
-5.905,-5.695
-5.895,-5.695
-5.895,-5.71
-5.895,-5.725
-5.9,-5.725
-5.91,-5.735
-5.91,-5.76
-5.935,-5.75
-5.915,-5.755
-5.915,-5.745
-5.885,-5.725
-5.875,-5.72
-5.865,-5.705
-5.875,-5.715
-5.885,-5.715
-5.905,-5.715
-5.905,-5.725
-5.91,-5.72
-5.925,-5.705
-5.92,-5.68
-5.915,-5.655
-5.895,-5.605
-5.845,-5.56
-5.765,-5.495
-5.665,-5.45
-5.535,-5.445
-5.41,-5.495
-5.27,-5.615
-5.11,-5.76
-4.945,-5.91
-4.775,-6.075
-4.58,-6.235
-4.36,-6.41
-4.13,-6.59
-3.895,-6.77
-3.67,-6.99
-3.495,-7.155
-3.35,-7.305
-3.245,-7.42
-3.14,-7.495
-3.095,-7.555
-3.09,-7.59
-3.09,-7.61
-3.13,-7.625
-3.19,-7.625
-3.27,-7.59
-3.35,-7.555
-3.425,-7.485
-3.455,-7.385
-3.455,-7.295
-3.435,-7.18
-3.44,-7.095
-3.465,-7.01
-3.53,-6.93
-3.645,-6.835
-3.81,-6.76
-3.985,-6.645
-4.2,-6.58
-4.46,-6.475
-4.755,-6.385
-5.13,-6.28
-5.5,-6.19
-5.835,-6.095
-6.055,-5.995
-6.145,-5.89
-6.175,-5.79
-6.14,-5.72
-6.135,-5.69
-6.13,-5.67
-6.15,-5.645
-6.19,-5.62
-6.22,-5.615
-6.28,-5.57
-6.31,-5.56
-6.335,-5.56
-6.36,-5.55
-6.38,-5.535
-6.4,-5.525
-6.405,-5.535
-6.435,-5.535
-6.445,-5.52
-6.445,-5.505
-6.45,-5.495
-6.45,-5.47
-6.475,-5.46
-6.465,-5.45
-6.495,-5.44
-6.48,-5.445
-6.5,-5.45
-6.53,-5.445
-6.545,-5.43
-6.565,-5.42
-6.57,-5.415
-6.58,-5.38
-6.585,-5.375
-6.595,-5.34
-6.605,-5.32
-6.605,-5.315
-6.61,-5.315
-6.625,-5.285
-6.64,-5.29
-6.64,-5.28
-6.655,-5.27
-6.665,-5.23
-6.675,-5.205
-6.675,-5.185
-6.685,-5.15
-6.665,-5.115
-6.66,-5.075
-6.665,-5.06
-6.66,-5.04
-6.65,-5.025
-6.655,-5.01
-6.665,-5.01
-6.695,-5.025
-6.735,-5.035
-6.775,-5.035
-6.81,-5.025
-6.825,-4.995
-6.845,-4.96
-6.87,-4.93
-6.92,-4.905
-6.99,-4.88
-7.05,-4.86
-7.14,-4.845
-7.2,-4.86
-7.255,-4.845
-7.34,-4.805
-7.37,-4.785
-7.415,-4.765
-7.41,-4.74
-7.405,-4.735
-7.42,-4.71
-7.41,-4.715
-7.435,-4.73
-7.435,-4.72
-7.425,-4.77
-7.42,-4.8
-7.43,-4.8
-7.415,-4.825
-7.38,-4.855
-7.355,-4.875
-7.32,-4.9
-7.275,-4.9
-7.25,-4.925
-7.215,-4.965
-7.155,-5.01
-7.105,-5.05
-7.07,-5.085
-7.02,-5.125
-6.985,-5.165
-6.93,-5.2
-6.855,-5.225
-6.795,-5.265
-6.755,-5.29
-6.705,-5.3
-6.645,-5.335
-6.59,-5.375
-6.535,-5.395
-6.505,-5.44
-6.46,-5.475
-6.435,-5.52
-6.405,-5.545
-6.385,-5.565
-6.365,-5.59
-6.33,-5.6
-6.315,-5.595
-6.29,-5.61
-6.275,-5.635
-6.265,-5.62
-6.27,-5.65
-6.255,-5.66
-6.26,-5.68
-6.265,-5.68
-6.275,-5.67
-6.285,-5.695
-6.27,-5.69
-6.27,-5.67
-6.265,-5.66
-6.27,-5.66
-6.265,-5.65
-6.265,-5.64
-6.255,-5.65
-6.245,-5.65
-6.24,-5.665
-6.245,-5.69
-6.25,-5.68
-6.28,-5.69
-6.255,-5.68
-6.245,-5.68
-6.245,-5.665
-6.235,-5.66
-6.215,-5.66
-6.21,-5.645
-6.21,-5.66
-6.22,-5.645
-6.22,-5.67
-6.22,-5.68
-6.24,-5.675
-6.24,-5.685
-6.225,-5.68
-6.225,-5.66
-6.215,-5.67
-6.215,-5.665
-6.205,-5.635
-6.21,-5.645
-6.205,-5.655
-6.205,-5.65
-6.215,-5.655
-6.22,-5.68
-6.23,-5.69
-6.22,-5.685
-6.235,-5.705
-6.23,-5.69
-6.2,-5.67
-6.185,-5.66
-6.175,-5.66
-6.165,-5.67
-6.175,-5.66
-6.175,-5.665
-6.19,-5.68
-6.185,-5.695
-6.2,-5.705
-6.23,-5.685
-6.21,-5.71
-6.215,-5.695
-6.205,-5.685
-6.19,-5.69
-6.175,-5.67
-6.16,-5.685
-6.16,-5.69
-6.165,-5.695
-6.16,-5.71
-6.18,-5.715
-6.205,-5.71
-6.185,-5.735
-6.18,-5.72
-6.175,-5.7
-6.165,-5.71
-6.16,-5.69
-6.14,-5.675
-6.15,-5.68
-6.145,-5.685
-6.16,-5.7
-6.165,-5.7
-6.195,-5.7
-6.21,-5.72
-6.21,-5.73
-6.205,-5.72
-6.205,-5.715
-6.165,-5.7
-6.165,-5.695
-6.15,-5.69
-6.15,-5.7
-6.145,-5.695
-6.165,-5.715
-6.17,-5.72
-6.18,-5.73
-6.18,-5.715
-6.185,-5.73
-6.185,-5.73
-6.155,-5.72
-6.14,-5.7
-6.14,-5.71
-6.13,-5.705
-6.125,-5.695
-6.145,-5.71
-6.145,-5.71
-6.17,-5.72
-6.165,-5.725
-6.165,-5.755
-6.17,-5.73
-6.175,-5.75
-6.175,-5.735
-6.155,-5.725
-6.14,-5.715
-6.14,-5.695
-6.135,-5.725
-6.135,-5.72
-6.145,-5.745
-6.145,-5.74
-6.145,-5.73
-6.16,-5.755
-6.16,-5.75
-6.16,-5.75
-6.155,-5.735
-6.145,-5.72
-6.135,-5.72
-6.135,-5.7
-6.12,-5.71
-6.12,-5.695
-6.125,-5.72
-6.14,-5.74
-6.145,-5.75
-6.15,-5.75
-6.165,-5.755
-6.155,-5.75
-6.155,-5.74
-6.135,-5.73
-6.135,-5.725
-6.115,-5.72
-6.125,-5.725
-6.13,-5.74
-6.13,-5.725
-6.135,-5.735
-6.135,-5.745
-6.15,-5.75
-6.14,-5.74
-6.14,-5.74
-6.145,-5.745
-6.125,-5.73
-6.115,-5.725
-6.11,-5.725
-6.11,-5.71
-6.12,-5.72
-6.1,-5.725
-6.11,-5.75
-6.135,-5.76
-6.13,-5.755
-6.14,-5.765
-6.135,-5.755
-6.125,-5.76
-6.12,-5.745
-6.1,-5.735
-6.11,-5.725
-6.11,-5.73
-6.105,-5.74
-6.105,-5.735
-6.13,-5.755
-6.15,-5.77
-6.16,-5.745
-6.145,-5.76
-6.135,-5.76
-6.12,-5.75
-6.125,-5.735
-6.115,-5.74
-6.115,-5.725
-6.1,-5.745
-6.105,-5.72
-6.1,-5.74
-6.13,-5.74
-6.135,-5.755
-6.135,-5.765
-6.12,-5.75
-6.125,-5.76
-6.125,-5.745
-6.115,-5.74
-6.1,-5.74
-6.105,-5.735
-6.09,-5.72
-6.105,-5.735
-6.11,-5.74
-6.11,-5.735
-6.135,-5.74
-6.12,-5.76
-6.125,-5.77
-6.115,-5.78
-6.12,-5.745
-6.13,-5.74
-6.1,-5.74
-6.095,-5.7
-6.095,-5.715
-6.08,-5.73
-6.09,-5.735
-6.085,-5.74
-6.09,-5.76
-6.105,-5.77
-6.115,-5.77
-6.125,-5.765
-6.12,-5.755
-6.105,-5.75
-6.095,-5.73
-6.095,-5.715
-6.07,-5.73
-6.09,-5.715
-6.09,-5.725
-6.1,-5.735
-6.11,-5.75
-6.11,-5.755
-6.115,-5.755
-6.115,-5.755
-6.115,-5.75
-6.095,-5.76
-6.1,-5.725
-6.085,-5.725
-6.08,-5.73
-6.09,-5.735
-6.09,-5.74
-6.09,-5.755
-6.1,-5.77
-6.12,-5.765
-6.125,-5.77
-6.115,-5.78
-6.11,-5.76
-6.105,-5.755
-6.085,-5.745
-6.085,-5.74
-6.075,-5.725
-6.075,-5.725
-6.085,-5.725
-6.095,-5.755
-6.1,-5.745
-6.095,-5.765
-6.105,-5.775
-6.095,-5.755
-6.095,-5.75
-6.095,-5.735
-6.075,-5.725
-6.085,-5.74
-6.07,-5.73
-6.075,-5.74
-6.08,-5.755
-6.085,-5.76
-6.105,-5.775
-6.115,-5.76
-6.105,-5.77
-6.1,-5.76
-6.095,-5.765
-6.08,-5.74
-6.085,-5.735
-6.075,-5.715
-6.07,-5.735
-6.08,-5.72
-6.075,-5.74
-6.075,-5.745
-6.08,-5.765
-6.08,-5.75
-6.09,-5.755
-6.095,-5.77
-6.09,-5.765
-6.08,-5.755
-6.075,-5.745
-6.065,-5.72
-6.065,-5.735
-6.06,-5.74
-6.07,-5.725
-6.05,-5.75
-6.07,-5.765
-6.055,-5.75
-6.05,-5.755
-6.04,-5.735
-6.015,-5.715
-5.985,-5.705
-5.965,-5.685
-5.95,-5.665
-5.92,-5.665
-5.91,-5.645
-5.9,-5.64
-5.905,-5.655
-5.9,-5.67
-5.875,-5.65
-5.845,-5.66
-5.82,-5.655
-5.775,-5.645
-5.745,-5.645
-5.72,-5.65
-5.71,-5.665
-5.715,-5.69
-5.725,-5.72
-5.73,-5.73
-5.755,-5.76
-5.74,-5.76
-5.75,-5.775
-5.785,-5.785
-5.815,-5.79
-5.855,-5.78
-5.9,-5.775
-5.94,-5.765
-6.005,-5.75
-6.025,-5.74
-6.07,-5.76
-6.09,-5.77
-6.085,-5.785
-6.09,-5.8
-6.09,-5.795
-6.085,-5.81
-6.085,-5.805
-6.1,-5.8
-6.1,-5.79
-6.105,-5.775
-6.09,-5.775
-6.09,-5.765
-6.09,-5.78
-6.085,-5.76
-6.08,-5.785
-6.1,-5.8
-6.105,-5.81
-6.105,-5.805
-6.105,-5.825
-6.105,-5.815
-6.105,-5.79
-6.105,-5.77
-6.12,-5.76
-6.135,-5.745
-6.165,-5.725
-6.15,-5.695
-6.095,-5.66
-5.96,-5.63
-5.77,-5.6
-5.5,-5.615
-5.165,-5.69
-4.77,-5.79
-4.415,-5.96
-4.14,-6.14
-3.97,-6.36
-3.945,-6.555
-4.045,-6.7
-4.245,-6.775
-4.59,-6.76
-5.075,-6.725
-5.575,-6.685
-5.955,-6.61
-6.175,-6.495
-6.195,-6.4
-6.095,-6.285
-5.99,-6.195
-5.875,-6.095
-5.815,-6.05
-5.84,-5.98
-5.91,-5.93
-5.99,-5.895
-6.04,-5.85
-6.1,-5.84
-6.115,-5.825
-6.115,-5.805
-6.105,-5.79
-6.09,-5.775
-6.085,-5.765
-6.095,-5.75
-6.075,-5.71
-6.085,-5.715
-6.095,-5.72
-6.12,-5.71
-6.12,-5.715
-6.14,-5.745
-6.14,-5.735
-6.145,-5.73
-6.13,-5.73
-6.12,-5.715
-6.125,-5.705
-6.12,-5.7
-6.105,-5.685
-6.1,-5.7
-6.12,-5.71
-6.135,-5.715
-6.13,-5.73
-6.135,-5.71
-6.145,-5.73
-6.16,-5.725
-6.145,-5.72
-6.15,-5.7
-6.14,-5.7
-6.115,-5.675
-6.1,-5.66
-6.13,-5.685
-6.12,-5.675
-6.135,-5.7
-6.13,-5.695
-6.13,-5.7
-6.135,-5.705
-6.14,-5.695
-6.14,-5.695
-6.12,-5.685
-6.11,-5.68
-6.105,-5.655
-6.09,-5.67
-6.095,-5.655
-6.095,-5.655
-6.09,-5.67
-6.1,-5.675
-6.11,-5.685
-6.13,-5.69
-6.1,-5.665
-6.095,-5.67
-6.095,-5.645
-6.07,-5.63
-6.055,-5.625
-6.035,-5.61
-6.035,-5.635
-6.035,-5.64
-6.03,-5.66
-6.05,-5.65
-6.045,-5.68
-6.05,-5.67
-6.035,-5.67
-6.02,-5.655
-6.005,-5.635
-5.985,-5.625
-5.965,-5.615
-5.95,-5.625
-5.915,-5.62
-5.945,-5.615
-5.91,-5.62
-5.915,-5.63
-5.91,-5.65
-5.89,-5.635
-5.87,-5.635
-5.875,-5.615
-5.835,-5.61
-5.825,-5.6
-5.815,-5.59
-5.78,-5.585
-5.77,-5.595
-5.77,-5.605
-5.76,-5.61
-5.74,-5.64
-5.735,-5.64
-5.72,-5.645
-5.705,-5.63
-5.685,-5.645
-5.68,-5.645
-5.665,-5.63
-5.64,-5.605
-5.615,-5.63
-5.605,-5.62
-5.61,-5.64
-5.595,-5.66
-5.59,-5.655
-5.59,-5.685
-5.58,-5.695
-5.575,-5.695
-5.58,-5.69
-5.565,-5.68
-5.58,-5.68
-5.59,-5.685
-5.58,-5.67
-5.59,-5.685
-5.625,-5.68
-5.64,-5.71
-5.67,-5.71
-5.69,-5.715
-5.71,-5.725
-5.72,-5.72
-5.735,-5.72
-5.75,-5.715
-5.79,-5.71
-5.795,-5.7
-5.795,-5.705
-5.83,-5.72
-5.845,-5.7
-5.865,-5.725
-5.89,-5.725
-5.915,-5.73
-5.92,-5.725
-5.94,-5.71
-5.93,-5.695
-5.94,-5.69
-5.95,-5.71
-5.94,-5.695
-5.94,-5.69
-5.945,-5.69
-5.965,-5.705
-5.97,-5.7
-5.97,-5.72
-5.99,-5.74
-5.975,-5.745
-5.985,-5.74
-5.98,-5.735
-5.95,-5.735
-5.96,-5.72
-5.945,-5.705
-5.955,-5.705
-5.945,-5.7
-5.95,-5.71
-5.945,-5.725
-5.96,-5.74
-5.975,-5.72
-5.965,-5.735
-5.96,-5.745
-5.96,-5.74
-5.935,-5.735
-5.925,-5.73
-5.92,-5.73
-5.915,-5.725
-5.915,-5.725
-5.915,-5.73
-5.93,-5.755
-5.925,-5.76
-5.935,-5.76
-5.945,-5.74
-5.93,-5.76
-5.935,-5.75
-5.92,-5.73
-5.915,-5.73
-5.9,-5.695
-5.905,-5.68
-5.91,-5.675
-5.915,-5.67
-5.92,-5.66
-5.94,-5.635
-5.94,-5.605
-5.915,-5.575
-5.83,-5.535
-5.725,-5.485
-5.585,-5.45
-5.435,-5.515
-5.27,-5.605
-5.12,-5.765
-4.935,-5.935
-4.745,-6.13
-4.515,-6.33
-4.3,-6.545
-4.045,-6.785
-3.835,-7.01
-3.63,-7.225
-3.45,-7.41
-3.29,-7.505
-3.175,-7.57
-3.115,-7.615
-3.085,-7.63
-3.09,-7.645
-3.15,-7.66
-3.185,-7.645
-3.27,-7.625
-3.365,-7.605
-3.435,-7.53
-3.46,-7.435
-3.46,-7.33
-3.435,-7.24
-3.425,-7.125
-3.435,-7.035
-3.475,-6.96
-3.595,-6.855
-3.735,-6.8
-3.925,-6.73
-4.075,-6.645
-4.295,-6.59
-4.51,-6.485
-4.795,-6.41
-5.13,-6.32
-5.485,-6.22
-5.775,-6.14
-6.005,-6.01
-6.11,-5.905
-6.135,-5.81
-6.135,-5.735
-6.125,-5.7
-6.13,-5.68
-6.15,-5.66
-6.2,-5.675
-6.26,-5.655
-6.28,-5.62
-6.31,-5.6
-6.33,-5.565
-6.35,-5.545
-6.355,-5.53
-6.375,-5.51
-6.375,-5.51
-6.4,-5.505
-6.43,-5.52
-6.44,-5.505
-6.455,-5.51
-6.47,-5.475
-6.49,-5.485
-6.495,-5.455
-6.495,-5.445
-6.5,-5.405
-6.5,-5.405
-6.515,-5.405
-6.51,-5.405
-6.53,-5.385
-6.55,-5.385
-6.57,-5.4
-6.57,-5.37
-6.575,-5.37
-6.58,-5.345
-6.57,-5.32
-6.58,-5.29
-6.56,-5.275
-6.555,-5.255
-6.56,-5.24
-6.56,-5.22
-6.57,-5.215
-6.585,-5.21
-6.615,-5.215
-6.615,-5.18
-6.6,-5.15
-6.575,-5.145
-6.55,-5.125
-6.55,-5.105
-6.545,-5.105
-6.575,-5.09
-6.61,-5.11
-6.635,-5.1
-6.68,-5.105
-6.705,-5.105
-6.735,-5.09
-6.76,-5.055
-6.8,-5.035
-6.865,-5.005
-6.91,-4.98
-6.985,-4.96
-7.04,-4.92
-7.105,-4.905
-7.195,-4.865
-7.245,-4.85
-7.29,-4.825
-7.325,-4.82
-7.35,-4.805
-7.38,-4.79
-7.4,-4.77
-7.415,-4.755
-7.42,-4.745
-7.42,-4.72
-7.445,-4.725
-7.445,-4.715
-7.47,-4.71
-7.465,-4.715
-7.47,-4.72
-7.47,-4.755
-7.48,-4.77
-7.49,-4.82
-7.475,-4.825
-7.46,-4.84
-7.41,-4.855
-7.375,-4.87
-7.355,-4.87
-7.315,-4.915
-7.29,-4.935
-7.275,-4.97
-7.235,-5.02
-7.22,-5.05
-7.175,-5.095
-7.125,-5.14
-7.075,-5.175
-7.03,-5.18
-6.965,-5.21
-6.905,-5.235
-6.835,-5.255
-6.78,-5.29
-6.745,-5.325
-6.7,-5.375
-6.645,-5.41
-6.595,-5.445
-6.565,-5.5
-6.53,-5.54
-6.51,-5.555
-6.46,-5.555
-6.435,-5.575
-6.39,-5.59
-6.375,-5.6
-6.35,-5.61
-6.34,-5.62
-6.34,-5.63
-6.335,-5.65
-6.345,-5.665
-6.325,-5.685
-6.335,-5.69
-6.33,-5.685
-6.34,-5.675
-6.315,-5.685
-6.305,-5.655
-6.3,-5.66
-6.29,-5.665
-6.285,-5.66
-6.29,-5.655
-6.295,-5.66
-6.31,-5.66
-6.335,-5.675
-6.325,-5.675
-6.32,-5.67
-6.325,-5.665
-6.31,-5.66
-6.305,-5.645
-6.3,-5.635
-6.275,-5.635
-6.28,-5.645
-6.28,-5.635
-6.28,-5.655
-6.295,-5.67
-6.29,-5.675
-6.305,-5.665
-6.305,-5.66
-6.285,-5.665
-6.285,-5.645
-6.255,-5.655
-6.27,-5.635
-6.245,-5.635
-6.245,-5.65
-6.245,-5.645
-6.24,-5.66
-6.27,-5.665
-6.26,-5.685
-6.265,-5.67
-6.265,-5.67
-6.245,-5.685
-6.26,-5.665
-6.24,-5.66
-6.235,-5.66
-6.205,-5.645
-6.23,-5.64
-6.235,-5.655
-6.22,-5.66
-6.245,-5.665
-6.23,-5.66
-6.235,-5.685
-6.23,-5.67
-6.22,-5.69
-6.21,-5.675
-6.215,-5.675
-6.21,-5.655
-6.185,-5.665
-6.215,-5.655
-6.19,-5.66
-6.19,-5.67
-6.205,-5.68
-6.205,-5.7
-6.215,-5.7
-6.215,-5.705
-6.21,-5.695
-6.19,-5.705
-6.18,-5.68
-6.17,-5.67
-6.17,-5.67
-6.18,-5.675
-6.165,-5.665
-6.17,-5.685
-6.185,-5.695
-6.165,-5.715
-6.175,-5.72
-6.185,-5.715
-6.18,-5.705
-6.17,-5.7
-6.17,-5.695
-6.165,-5.675
-6.16,-5.675
-6.17,-5.695
-6.19,-5.695
-6.18,-5.705
-6.18,-5.705
-6.17,-5.72
-6.17,-5.72
-6.17,-5.715
-6.155,-5.715
-6.14,-5.725
-6.16,-5.71
-6.145,-5.695
-6.135,-5.705
-6.13,-5.71
-6.13,-5.705
-6.145,-5.71
-6.155,-5.73
-6.16,-5.74
-6.15,-5.75
-6.15,-5.745
-6.135,-5.745
-6.12,-5.735
-6.115,-5.715
-6.12,-5.7
-6.095,-5.7
-6.115,-5.72
-6.12,-5.72
-6.13,-5.73
-6.105,-5.735
-6.115,-5.735
-6.115,-5.73
-6.125,-5.745
-6.125,-5.73
-6.115,-5.725
-6.1,-5.735
-6.095,-5.71
-6.07,-5.715
-6.07,-5.71
-6.07,-5.715
-6.075,-5.725
-6.11,-5.74
-6.115,-5.745
-6.09,-5.745
-6.105,-5.745
-6.095,-5.75
-6.09,-5.73
-6.075,-5.715
-6.065,-5.71
-6.06,-5.72
-6.06,-5.715
-6.055,-5.74
-6.07,-5.74
-6.075,-5.75
-6.08,-5.755
-6.095,-5.76
-6.095,-5.75
-6.085,-5.745
-6.07,-5.73
-6.06,-5.72
-6.045,-5.725
-6.04,-5.725
-6.055,-5.735
-6.04,-5.72
-6.045,-5.72
-6.06,-5.735
-6.06,-5.76
-6.075,-5.765
-6.085,-5.76
-6.08,-5.75
-6.07,-5.74
-6.06,-5.735
-6.045,-5.73
-6.03,-5.725
-6.025,-5.725
-6.05,-5.745
-6.045,-5.745
-6.06,-5.75
-6.09,-5.74
-6.085,-5.745
-6.07,-5.755
-6.06,-5.745
-6.045,-5.73
-6.03,-5.73
-6.025,-5.71
-6.005,-5.725
-6.015,-5.73
-6.015,-5.71
-6.025,-5.745
-6.035,-5.745
-6.05,-5.76
-6.04,-5.76
-6.045,-5.775
-6.03,-5.76
-6.025,-5.745
-6.035,-5.73
-6.01,-5.715
-6,-5.72
-6,-5.71
-6.01,-5.725
-6.01,-5.72
-6.015,-5.735
-6.02,-5.73
-6.02,-5.755
-6.015,-5.76
-6.02,-5.755
-6.015,-5.735
-6.005,-5.72
-6,-5.725
-5.975,-5.71
-5.985,-5.72
-5.985,-5.73
-5.975,-5.74
-6,-5.745
-6.01,-5.76
-6.015,-5.765
-6.03,-5.76
-6.01,-5.74
-6.02,-5.745
-6.01,-5.72
-6.01,-5.72
-5.99,-5.705
-5.995,-5.72
-5.98,-5.705
-5.985,-5.735
-5.99,-5.73
-6.005,-5.745
-6.005,-5.76
-6.025,-5.765
-6.025,-5.76
-6.005,-5.76
-5.985,-5.76
-5.985,-5.735
-5.98,-5.735
-5.975,-5.745
-5.985,-5.72
-5.985,-5.745
-6.005,-5.765
-6.015,-5.78
-6.005,-5.76
-6.01,-5.765
-6.015,-5.76
-5.995,-5.75
-5.985,-5.73
-5.985,-5.73
-5.965,-5.72
-5.97,-5.725
-5.96,-5.735
-5.96,-5.745
-5.965,-5.76
-6,-5.765
-5.985,-5.765
-5.99,-5.755
-5.98,-5.765
-5.975,-5.755
-5.955,-5.75
-5.97,-5.735
-5.955,-5.73
-5.955,-5.715
-5.97,-5.74
-5.975,-5.74
-5.98,-5.745
-5.99,-5.74
-6.005,-5.76
-6.005,-5.74
-5.985,-5.735
-5.965,-5.745
-5.965,-5.725
-5.955,-5.72
-5.94,-5.72
-5.935,-5.725
-5.93,-5.71
-5.945,-5.745
-5.95,-5.74
-5.965,-5.76
-5.96,-5.76
-5.96,-5.75
-5.955,-5.755
-5.95,-5.73
-5.935,-5.73
-5.925,-5.71
-5.905,-5.695
-5.885,-5.7
-5.88,-5.69
-5.87,-5.675
-5.865,-5.685
-5.86,-5.705
-5.86,-5.68
-5.855,-5.675
-5.83,-5.66
-5.82,-5.645
-5.79,-5.65
-5.76,-5.625
-5.715,-5.61
-5.69,-5.62
-5.66,-5.625
-5.61,-5.635
-5.615,-5.665
-5.62,-5.685
-5.63,-5.71
-5.655,-5.725
-5.655,-5.745
-5.65,-5.745
-5.635,-5.735
-5.61,-5.735
-5.65,-5.74
-5.665,-5.745
-5.725,-5.745
-5.775,-5.745
-5.835,-5.76
-5.895,-5.765
-5.92,-5.765
-5.955,-5.77
-5.97,-5.765
-5.97,-5.765
-5.96,-5.76
-5.95,-5.775
-5.925,-5.78
-5.925,-5.77
-5.94,-5.77
-5.94,-5.78
-5.96,-5.79
-5.96,-5.805
-5.98,-5.805
-5.98,-5.805
-5.98,-5.79
-5.975,-5.78
-5.965,-5.765
-5.965,-5.765
-5.955,-5.76
-5.96,-5.75
-5.955,-5.755
-5.955,-5.77
-5.965,-5.76
-5.99,-5.77
-6.02,-5.77
-6.045,-5.755
-6.045,-5.71
-5.99,-5.665
-5.885,-5.595
-5.73,-5.555
-5.52,-5.55
-5.245,-5.56
-4.92,-5.625
-4.555,-5.74
-4.225,-5.91
-3.975,-6.12
-3.82,-6.335
-3.8,-6.52
-3.85,-6.645
-4.01,-6.705
-4.315,-6.685
-4.73,-6.65
-5.21,-6.575
-5.68,-6.52
-5.96,-6.44
-6.07,-6.365
-6,-6.275
-5.895,-6.21
-5.755,-6.105
-5.695,-6.065
-5.72,-5.985
-5.75,-5.915
-5.81,-5.865
-5.865,-5.8
-5.905,-5.76
-5.925,-5.76
-5.925,-5.735
-5.925,-5.74
-5.93,-5.75
-5.94,-5.75
-5.945,-5.735
-5.945,-5.755
-5.945,-5.72
-5.96,-5.71
-5.945,-5.685
-5.945,-5.665
-5.93,-5.67
-5.935,-5.665
-5.96,-5.66
-5.97,-5.68
-5.97,-5.705
-5.975,-5.69
-5.98,-5.705
-5.995,-5.695
-6.005,-5.685
-5.985,-5.655
-5.98,-5.66
-5.975,-5.66
-5.955,-5.66
-5.95,-5.64
-5.95,-5.665
-5.965,-5.655
-5.97,-5.655
-5.975,-5.66
-5.98,-5.655
-5.985,-5.665
-5.985,-5.65
-5.98,-5.645
-5.99,-5.645
-5.96,-5.62
-5.95,-5.615
-5.95,-5.615
-5.95,-5.625
-5.96,-5.635
-5.96,-5.645
-5.975,-5.645
-5.975,-5.65
-5.97,-5.65
-5.975,-5.64
-5.965,-5.63
-5.95,-5.615
-5.945,-5.63
-5.91,-5.6
-5.92,-5.61
-5.91,-5.595
-5.915,-5.615
-5.92,-5.61
-5.93,-5.62
-5.905,-5.635
-5.905,-5.625
-5.9,-5.635
-5.895,-5.62
-5.885,-5.585
-5.875,-5.595
-5.855,-5.575
-5.83,-5.58
-5.84,-5.585
-5.825,-5.59
-5.84,-5.595
-5.825,-5.595
-5.815,-5.595
-5.815,-5.61
-5.795,-5.6
-5.765,-5.59
-5.74,-5.585
-5.72,-5.56
-5.71,-5.565
-5.7,-5.565
-5.69,-5.55
-5.68,-5.56
-5.68,-5.57
-5.665,-5.57
-5.665,-5.58
-5.65,-5.58
-5.635,-5.575
-5.62,-5.56
-5.6,-5.565
-5.565,-5.56
-5.555,-5.565
-5.535,-5.565
-5.525,-5.585
-5.5,-5.575
-5.5,-5.595
-5.495,-5.595
-5.49,-5.61
-5.47,-5.605
-5.455,-5.62
-5.45,-5.62
-5.435,-5.615
-5.41,-5.61
-5.395,-5.61
-5.395,-5.61
-5.405,-5.62
-5.415,-5.63
-5.42,-5.645
-5.45,-5.655
-5.465,-5.67
-5.495,-5.67
-5.51,-5.675
-5.515,-5.655
-5.535,-5.64
-5.535,-5.63
-5.555,-5.625
-5.575,-5.625
-5.6,-5.635
-5.635,-5.645
-5.655,-5.66
-5.67,-5.665
-5.695,-5.68
-5.715,-5.67
-5.74,-5.665
-5.755,-5.645
-5.75,-5.645
-5.755,-5.625
-5.775,-5.63
-5.78,-5.64
-5.775,-5.635
-5.795,-5.635
-5.8,-5.655
-5.81,-5.665
-5.84,-5.675
-5.82,-5.685
-5.825,-5.675
-5.815,-5.675
-5.815,-5.65
-5.805,-5.655
-5.8,-5.645
-5.8,-5.64
-5.815,-5.66
-5.825,-5.655
-5.84,-5.65
-5.84,-5.685
-5.845,-5.685
-5.855,-5.68
-5.84,-5.67
-5.84,-5.66
-5.82,-5.635
-5.805,-5.655
-5.795,-5.635
-5.785,-5.65
-5.78,-5.655
-5.785,-5.66
-5.8,-5.665
-5.795,-5.68
-5.8,-5.68
-5.805,-5.685
-5.805,-5.68
-5.805,-5.665
-5.78,-5.665
-5.775,-5.665
-5.75,-5.655
-5.745,-5.645
-5.76,-5.65
-5.77,-5.655
-5.78,-5.68
-5.79,-5.7
-5.8,-5.7
-5.8,-5.7
-5.805,-5.675
-5.795,-5.675
-5.79,-5.65
-5.785,-5.655
-5.78,-5.645
-5.775,-5.65
-5.78,-5.64
-5.785,-5.655
-5.8,-5.67
-5.81,-5.685
-5.82,-5.69
-5.815,-5.7
-5.83,-5.68
-5.81,-5.675
-5.825,-5.66
-5.815,-5.665
-5.79,-5.645
-5.785,-5.64
-5.795,-5.64
-5.805,-5.64
-5.825,-5.645
-5.85,-5.65
-5.855,-5.64
-5.85,-5.625
-5.84,-5.61
-5.845,-5.565
-5.825,-5.545
-5.78,-5.48
-5.75,-5.455
-5.645,-5.425
-5.555,-5.405
-5.41,-5.475
-5.29,-5.575
-5.15,-5.715
-5.02,-5.885
-4.86,-6.05
-4.705,-6.175
-4.525,-6.31
-4.335,-6.48
-4.14,-6.645
-3.94,-6.81
-3.77,-6.99
-3.63,-7.17
-3.495,-7.32
-3.4,-7.415
-3.31,-7.48
-3.26,-7.5
-3.23,-7.525
-3.195,-7.515
-3.185,-7.5
-3.185,-7.465
-3.185,-7.44
-3.22,-7.41
-3.25,-7.355
-3.285,-7.3
-3.29,-7.25
-3.31,-7.175
-3.3,-7.1
-3.3,-7.02
-3.305,-6.95
-3.35,-6.85
-3.44,-6.76
-3.54,-6.655
-3.695,-6.575
-3.89,-6.495
-4.1,-6.415
-4.39,-6.345
-4.74,-6.245
-5.145,-6.18
-5.53,-6.095
-5.82,-5.99
-5.98,-5.86
-6.02,-5.745
-5.99,-5.635
-5.94,-5.565
-5.91,-5.525
-5.895,-5.505
-5.91,-5.49
-5.955,-5.48
-6.005,-5.465
-6.035,-5.45
-6.05,-5.415
-6.07,-5.405
-6.06,-5.39
-6.04,-5.385
-6.01,-5.37
-5.975,-5.355
-5.955,-5.345
-5.945,-5.34
-5.965,-5.36
-6.005,-5.39
-6.02,-5.395
-6.055,-5.41
-6.07,-5.41
-6.085,-5.4
-6.11,-5.395
-6.14,-5.385
-6.185,-5.365
-6.225,-5.335
-6.28,-5.345
-6.345,-5.305
-6.395,-5.305
-6.445,-5.305
-6.495,-5.29
-6.53,-5.275
-6.555,-5.275
-6.575,-5.27
-6.6,-5.26
-6.62,-5.265
-6.62,-5.245
-6.64,-5.2
-6.655,-5.175
-6.675,-5.14
-6.69,-5.145
-6.715,-5.105
-6.75,-5.115
-6.78,-5.095
-6.81,-5.08
-6.84,-5.055
-6.875,-5.05
-6.89,-5.005
-6.895,-4.975
-6.93,-4.95
-6.94,-4.92
-6.96,-4.87
-6.995,-4.85
-7.045,-4.835
-7.05,-4.815
-7.075,-4.8
-7.11,-4.785
-7.145,-4.775
-7.18,-4.75
-7.22,-4.73
-7.215,-4.675
-7.235,-4.65
-7.26,-4.63
-7.27,-4.58
-7.275,-4.585
-7.3,-4.565
-7.335,-4.56
-7.36,-4.555
-7.365,-4.555
-7.375,-4.555
-7.385,-4.55
-7.395,-4.555
-7.385,-4.56
-7.38,-4.56
-7.37,-4.57
-7.345,-4.565
-7.345,-4.595
-7.325,-4.635
-7.325,-4.665
-7.295,-4.705
-7.275,-4.73
-7.255,-4.765
-7.225,-4.815
-7.19,-4.835
-7.145,-4.86
-7.075,-4.89
-7.025,-4.905
-6.95,-4.96
-6.895,-4.99
-6.84,-5.04
-6.78,-5.09
-6.73,-5.155
-6.68,-5.195
-6.63,-5.235
-6.585,-5.29
-6.545,-5.295
-6.47,-5.32
-6.415,-5.34
-6.37,-5.375
-6.33,-5.39
-6.285,-5.42
-6.265,-5.46
-6.24,-5.455
-6.21,-5.49
-6.235,-5.51
-6.215,-5.52
-6.2,-5.54
-6.205,-5.535
-6.185,-5.535
-6.175,-5.52
-6.15,-5.525
-6.15,-5.515
-6.14,-5.52
-6.14,-5.545
-6.14,-5.545
-6.155,-5.555
-6.155,-5.56
-6.16,-5.57
-6.17,-5.585
-6.16,-5.565
-6.165,-5.56
-6.155,-5.565
-6.145,-5.56
-6.13,-5.535
-6.13,-5.555
-6.125,-5.55
-6.13,-5.565
-6.145,-5.57
-6.15,-5.58
-6.15,-5.575
-6.15,-5.575
-6.15,-5.58
-6.13,-5.58
-6.13,-5.56
-6.115,-5.555
-6.105,-5.555
-6.09,-5.565
-6.09,-5.56
-6.09,-5.565
-6.095,-5.585
-6.105,-5.585
-6.125,-5.595
-6.105,-5.6
-6.1,-5.615
-6.11,-5.585
-6.095,-5.57
-6.075,-5.585
-6.065,-5.565
-6.065,-5.57
-6.055,-5.565
-6.06,-5.58
-6.06,-5.59
-6.055,-5.595
-6.065,-5.62
-6.075,-5.625
-6.075,-5.615
-6.06,-5.605
-6.055,-5.6
-6.045,-5.605
-6.025,-5.59
-6.025,-5.59
-6.02,-5.6
-6.025,-5.6
-6.03,-5.62
-6.025,-5.625
-6.03,-5.625
-6.03,-5.64
-6.025,-5.64
-6.035,-5.64
-6.005,-5.64
-6,-5.63
-6,-5.605
-6,-5.62
-6,-5.6
-6.01,-5.63
-6.01,-5.635
-6.015,-5.645
-6.01,-5.65
-6.015,-5.66
-6.015,-5.65
-6.005,-5.645
-6.005,-5.655
-6,-5.635
-6.005,-5.62
-5.995,-5.63
-5.995,-5.62
-5.985,-5.645
-6,-5.65
-6,-5.675
-6.02,-5.685
-6.01,-5.69
-6,-5.68
-5.99,-5.675
-5.995,-5.65
-5.99,-5.66
-5.985,-5.63
-5.965,-5.63
-5.99,-5.63
-5.98,-5.64
-5.99,-5.66
-6.005,-5.675
-6.01,-5.67
-6.015,-5.685
-6.005,-5.675
-5.985,-5.675
-5.975,-5.67
-5.96,-5.65
-5.95,-5.645
-5.94,-5.665
-5.945,-5.665
-5.96,-5.675
-5.96,-5.68
-5.965,-5.69
-5.99,-5.69
-5.975,-5.705
-5.97,-5.695
-5.96,-5.695
-5.955,-5.65
-5.935,-5.655
-5.93,-5.645
-5.925,-5.645
-5.945,-5.66
-5.945,-5.66
-5.935,-5.675
-5.965,-5.68
-5.965,-5.685
-5.97,-5.685
-5.955,-5.68
-5.955,-5.695
-5.945,-5.675
-5.93,-5.675
-5.92,-5.68
-5.925,-5.66
-5.92,-5.67
-5.94,-5.69
-5.94,-5.69
-5.945,-5.695
-5.955,-5.7
-5.97,-5.71
-5.965,-5.715
-5.97,-5.685
-5.965,-5.675
-5.955,-5.665
-5.945,-5.65
-5.945,-5.655
-5.94,-5.66
-5.935,-5.67
-5.94,-5.685
-5.945,-5.69
-5.95,-5.7
-5.945,-5.715
-5.955,-5.715
-5.96,-5.695
-5.95,-5.695
-5.925,-5.69
-5.92,-5.685
-5.905,-5.67
-5.92,-5.675
-5.93,-5.68
-5.935,-5.695
-5.93,-5.7
-5.945,-5.705
-5.935,-5.7
-5.945,-5.72
-5.935,-5.69
-5.935,-5.68
-5.925,-5.675
-5.91,-5.67
-5.91,-5.675
-5.92,-5.665
-5.93,-5.705
-5.935,-5.705
-5.95,-5.7
-5.93,-5.71
-5.955,-5.715
-5.945,-5.705
-5.925,-5.7
-5.905,-5.695
-5.9,-5.675
-5.9,-5.69
-5.895,-5.68
-5.885,-5.685
-5.905,-5.68
-5.905,-5.71
-5.915,-5.71
-5.92,-5.7
-5.935,-5.725
-5.91,-5.705
-5.915,-5.7
-5.915,-5.68
-5.91,-5.675
-5.9,-5.685
-5.885,-5.685
-5.88,-5.685
-5.88,-5.695
-5.895,-5.71
-5.885,-5.71
-5.91,-5.725
-5.92,-5.725
-5.905,-5.73
-5.895,-5.705
-5.89,-5.71
-5.895,-5.69
-5.885,-5.69
-5.88,-5.675
-5.875,-5.7
-5.88,-5.7
-5.895,-5.73
-5.905,-5.695
-5.915,-5.725
-5.915,-5.735
-5.905,-5.71
-5.91,-5.695
-5.89,-5.69
-5.88,-5.685
-5.865,-5.68
-5.86,-5.675
-5.865,-5.68
-5.865,-5.685
-5.875,-5.71
-5.91,-5.705
-5.885,-5.71
-5.905,-5.715
-5.89,-5.7
-5.9,-5.705
-5.9,-5.705
-5.895,-5.69
-5.885,-5.68
-5.87,-5.685
-5.865,-5.675
-5.87,-5.71
-5.875,-5.705
-5.865,-5.71
-5.87,-5.705
-5.88,-5.715
-5.89,-5.705
-5.88,-5.695
-5.87,-5.69
-5.885,-5.675
-5.885,-5.67
-5.865,-5.68
-5.88,-5.695
-5.865,-5.685
-5.88,-5.7
-5.88,-5.715
-5.89,-5.725
-5.9,-5.71
-5.895,-5.715
-5.865,-5.705
-5.875,-5.705
-5.865,-5.685
-5.855,-5.68
-5.855,-5.675
-5.865,-5.68
-5.86,-5.68
-5.86,-5.695
-5.855,-5.715
-5.865,-5.695
-5.875,-5.71
-5.885,-5.7
-5.875,-5.695
-5.84,-5.685
-5.81,-5.66
-5.8,-5.665
-5.78,-5.64
-5.755,-5.635
-5.75,-5.64
-5.745,-5.625
-5.745,-5.645
-5.75,-5.645
-5.74,-5.625
-5.72,-5.61
-5.695,-5.6
-5.66,-5.575
-5.61,-5.57
-5.58,-5.58
-5.55,-5.59
-5.56,-5.595
-5.585,-5.635
-5.625,-5.67
-5.665,-5.695
-5.685,-5.71
-5.705,-5.72
-5.735,-5.73
-5.74,-5.72
-5.755,-5.7
-5.78,-5.705
-5.78,-5.7
-5.81,-5.71
-5.85,-5.71
-5.885,-5.7
-5.905,-5.725
-5.915,-5.735
-5.915,-5.735
-5.91,-5.745
-5.9,-5.745
-5.905,-5.735
-5.895,-5.74
-5.875,-5.71
-5.88,-5.705
-5.875,-5.7
-5.89,-5.715
-5.875,-5.72
-5.895,-5.725
-5.895,-5.735
-5.895,-5.745
-5.91,-5.73
-5.895,-5.75
-5.895,-5.735
-5.87,-5.74
-5.86,-5.745
-5.845,-5.725
-5.855,-5.73
-5.88,-5.73
-5.92,-5.73
-5.955,-5.715
-5.955,-5.69
-5.93,-5.675
-5.84,-5.62
-5.695,-5.58
-5.46,-5.55
-5.17,-5.555
-4.805,-5.61
-4.435,-5.69
-4.11,-5.855
-3.875,-6.045
-3.72,-6.26
-3.695,-6.455
-3.765,-6.59
-3.97,-6.63
-4.33,-6.625
-4.85,-6.56
-5.38,-6.49
-5.805,-6.42
-6,-6.32
-6.01,-6.215
-5.89,-6.14
-5.75,-6.07
-5.64,-6.025
-5.615,-5.975
-5.645,-5.93
-5.71,-5.87
-5.77,-5.83
-5.835,-5.775
-5.88,-5.74
-5.86,-5.73
-5.86,-5.695
-5.865,-5.695
-5.845,-5.69
-5.86,-5.68
-5.86,-5.695
-5.87,-5.685
-5.875,-5.7
-5.885,-5.7
-5.895,-5.71
-5.895,-5.705
-5.905,-5.685
-5.905,-5.67
-5.89,-5.66
-5.89,-5.655
-5.88,-5.645
-5.895,-5.645
-5.89,-5.675
-5.9,-5.675
-5.91,-5.66
-5.915,-5.675
-5.915,-5.675
-5.93,-5.67
-5.925,-5.66
-5.91,-5.655
-5.915,-5.64
-5.91,-5.63
-5.895,-5.625
-5.9,-5.63
-5.895,-5.645
-5.905,-5.65
-5.915,-5.665
-5.915,-5.655
-5.92,-5.67
-5.925,-5.645
-5.925,-5.655
-5.91,-5.625
-5.885,-5.63
-5.865,-5.62
-5.87,-5.615
-5.865,-5.63
-5.87,-5.63
-5.88,-5.63
-5.87,-5.635
-5.875,-5.65
-5.89,-5.66
-5.89,-5.635
-5.89,-5.635
-5.88,-5.625
-5.87,-5.62
-5.85,-5.6
-5.835,-5.6
-5.835,-5.605
-5.835,-5.62
-5.825,-5.635
-5.835,-5.64
-5.845,-5.635
-5.85,-5.635
-5.83,-5.625
-5.81,-5.635
-5.775,-5.62
-5.77,-5.61
-5.755,-5.6
-5.74,-5.605
-5.73,-5.595
-5.73,-5.6
-5.705,-5.61
-5.7,-5.625
-5.7,-5.63
-5.685,-5.625
-5.68,-5.62
-5.675,-5.61
-5.65,-5.59
-5.615,-5.605
-5.62,-5.59
-5.58,-5.58
-5.585,-5.605
-5.565,-5.61
-5.555,-5.625
-5.545,-5.635
-5.53,-5.64
-5.52,-5.655
-5.505,-5.665
-5.495,-5.64
-5.475,-5.64
-5.46,-5.62
-5.44,-5.625
-5.415,-5.64
-5.415,-5.635
-5.405,-5.635
-5.4,-5.67
-5.405,-5.665
-5.405,-5.685
-5.405,-5.69
-5.395,-5.685
-5.38,-5.685
-5.385,-5.68
-5.395,-5.675
-5.395,-5.675
-5.41,-5.655
-5.415,-5.67
-5.435,-5.675
-5.475,-5.685
-5.51,-5.68
-5.53,-5.68
-5.555,-5.68
-5.585,-5.68
-5.605,-5.67
-5.605,-5.66
-5.615,-5.64
-5.625,-5.63
-5.64,-5.62
-5.67,-5.64
-5.685,-5.625
-5.71,-5.645
-5.735,-5.645
-5.745,-5.66
-5.765,-5.665
-5.79,-5.665
-5.8,-5.655
-5.8,-5.65
-5.79,-5.64
-5.785,-5.655
-5.775,-5.65
-5.78,-5.64
-5.79,-5.655
-5.805,-5.65
-5.8,-5.67
-5.825,-5.68
-5.83,-5.68
-5.83,-5.68
-5.825,-5.67
-5.815,-5.65
-5.805,-5.65
-5.79,-5.63
-5.78,-5.645
-5.785,-5.645
-5.79,-5.645
-5.8,-5.665
-5.795,-5.66
-5.8,-5.675
-5.805,-5.685
-5.8,-5.66
-5.795,-5.66
-5.79,-5.66
-5.78,-5.645
-5.765,-5.63
-5.76,-5.635
-5.77,-5.65
-5.76,-5.63
-5.785,-5.62
-5.78,-5.615
-5.785,-5.6
-5.79,-5.57
-5.78,-5.54
-5.73,-5.475
-5.64,-5.425
-5.515,-5.375
-5.39,-5.38
-5.24,-5.425
-5.085,-5.56
-4.915,-5.7
-4.735,-5.865
-4.545,-6.035
-4.34,-6.21
-4.1,-6.42
-3.865,-6.63
-3.635,-6.86
-3.425,-7.05
-3.26,-7.21
-3.11,-7.35
-2.985,-7.415
-2.935,-7.475
-2.885,-7.495
-2.87,-7.515
-2.86,-7.535
-2.915,-7.545
-2.955,-7.55
-3.05,-7.55
-3.14,-7.5
-3.22,-7.435
-3.275,-7.32
-3.29,-7.235
-3.29,-7.14
-3.265,-7.07
-3.28,-6.985
-3.31,-6.925
-3.39,-6.84
-3.51,-6.77
-3.65,-6.7
-3.81,-6.62
-3.97,-6.52
-4.175,-6.44
-4.425,-6.35
-4.73,-6.255
-5.125,-6.17
-5.47,-6.085
-5.76,-5.97
-5.94,-5.885
-6.025,-5.77
-6.03,-5.695
-6.015,-5.635
-6.01,-5.6
-6.015,-5.575
-6.04,-5.545
-6.075,-5.535
-6.13,-5.515
-6.155,-5.49
-6.19,-5.48
-6.21,-5.46
-6.24,-5.465
-6.25,-5.455
-6.285,-5.475
-6.28,-5.45
-6.305,-5.44
-6.315,-5.415
-6.315,-5.41
-6.32,-5.4
-6.32,-5.365
-6.335,-5.36
-6.355,-5.365
-6.36,-5.36
-6.38,-5.36
-6.395,-5.345
-6.425,-5.35
-6.425,-5.34
-6.465,-5.32
-6.465,-5.305
-6.46,-5.29
-6.45,-5.25
-6.44,-5.24
-6.425,-5.22
-6.415,-5.2
-6.41,-5.19
-6.43,-5.185
-6.455,-5.165
-6.47,-5.155
-6.46,-5.14
-6.47,-5.12
-6.465,-5.1
-6.455,-5.045
-6.435,-5.045
-6.42,-5.03
-6.415,-5.02
-6.425,-5.03
-6.44,-5.035
-6.465,-5.04
-6.51,-5.06
-6.55,-5.04
-6.58,-5.035
-6.61,-5.035
-6.63,-4.975
-6.66,-4.955
-6.71,-4.91
-6.74,-4.89
-6.78,-4.88
-6.875,-4.845
-6.925,-4.825
-7.005,-4.82
-7.06,-4.795
-7.12,-4.78
-7.165,-4.75
-7.2,-4.73
-7.23,-4.705
-7.23,-4.69
-7.255,-4.665
-7.265,-4.645
-7.27,-4.64
-7.3,-4.63
-7.305,-4.62
-7.315,-4.64
-7.35,-4.645
-7.365,-4.655
-7.37,-4.66
-7.36,-4.69
-7.345,-4.695
-7.325,-4.7
-7.285,-4.705
-7.28,-4.735
-7.25,-4.735
-7.22,-4.765
-7.205,-4.795
-7.175,-4.85
-7.15,-4.89
-7.1,-4.915
-7.045,-4.97
-7.01,-4.98
-6.95,-5.02
-6.885,-5.04
-6.825,-5.075
-6.775,-5.09
-6.715,-5.125
-6.655,-5.165
-6.615,-5.205
-6.565,-5.255
-6.52,-5.28
-6.475,-5.33
-6.44,-5.37
-6.395,-5.4
-6.355,-5.42
-6.315,-5.43
-6.27,-5.445
-6.245,-5.465
-6.225,-5.47
-6.21,-5.485
-6.195,-5.5
-6.185,-5.54
-6.185,-5.54
-6.19,-5.555
-6.185,-5.58
-6.195,-5.58
-6.2,-5.57
-6.16,-5.56
-6.155,-5.545
-6.145,-5.54
-6.14,-5.54
-6.14,-5.545
-6.135,-5.55
-6.145,-5.56
-6.155,-5.57
-6.15,-5.585
-6.165,-5.58
-6.15,-5.585
-6.17,-5.57
-6.155,-5.56
-6.125,-5.55
-6.125,-5.53
-6.12,-5.54
-6.12,-5.545
-6.12,-5.55
-6.135,-5.565
-6.135,-5.565
-6.13,-5.58
-6.135,-5.585
-6.135,-5.565
-6.15,-5.56
-6.14,-5.555
-6.12,-5.535
-6.105,-5.53
-6.1,-5.525
-6.105,-5.535
-6.105,-5.535
-6.105,-5.545
-6.11,-5.55
-6.135,-5.575
-6.12,-5.58
-6.13,-5.57
-6.125,-5.555
-6.11,-5.555
-6.11,-5.535
-6.095,-5.545
-6.09,-5.54
-6.085,-5.545
-6.085,-5.54
-6.095,-5.55
-6.11,-5.57
-6.12,-5.58
-6.1,-5.59
-6.11,-5.59
-6.105,-5.565
-6.1,-5.575
-6.105,-5.56
-6.1,-5.55
-6.075,-5.545
-6.07,-5.56
-6.08,-5.57
-6.085,-5.575
-6.095,-5.585
-6.095,-5.6
-6.095,-5.615
-6.095,-5.6
-6.1,-5.605
-6.1,-5.6
-6.085,-5.58
-6.055,-5.58
-6.045,-5.595
-6.035,-5.575
-6.05,-5.595
-6.065,-5.6
-6.06,-5.6
-6.075,-5.61
-6.08,-5.615
-6.08,-5.61
-6.07,-5.605
-6.055,-5.585
-6.055,-5.585
-6.035,-5.575
-6.03,-5.565
-6.035,-5.585
-6.035,-5.58
-6.055,-5.615
-6.045,-5.605
-6.065,-5.62
-6.06,-5.63
-6.06,-5.635
-6.065,-5.615
-6.055,-5.605
-6.03,-5.605
-6.04,-5.6
-6.04,-5.6
-6.035,-5.595
-6.045,-5.605
-6.055,-5.59
-6.065,-5.61
-6.05,-5.62
-6.06,-5.625
-6.045,-5.62
-6.05,-5.625
-6.045,-5.62
-6.03,-5.615
-6.025,-5.6
-6.02,-5.6
-6.02,-5.605
-6.025,-5.62
-6.035,-5.645
-6.035,-5.635
-6.03,-5.65
-6.045,-5.645
-6.05,-5.665
-6.04,-5.645
-6.045,-5.655
-6.03,-5.63
-6.01,-5.605
-6.005,-5.62
-6.015,-5.615
-6.015,-5.62
-6.02,-5.625
-6.025,-5.625
-6.025,-5.635
-6.03,-5.635
-6.03,-5.635
-6.03,-5.64
-6.025,-5.625
-6.015,-5.62
-6.005,-5.62
-5.99,-5.62
-6.005,-5.62
-6.01,-5.625
-6.015,-5.635
-6.03,-5.645
-6.04,-5.655
-6.03,-5.66
-6.03,-5.67
-6.02,-5.655
-6.015,-5.655
-6.005,-5.63
-6.005,-5.625
-6.005,-5.62
-6.01,-5.635
-6.005,-5.615
-6.005,-5.61
-6.01,-5.63
-6.025,-5.645
-6.02,-5.655
-6.04,-5.655
-6.01,-5.655
-6.015,-5.63
-6,-5.62
-6.01,-5.63
-5.99,-5.625
-5.99,-5.635
-6,-5.63
-6,-5.655
-6.015,-5.65
-6.005,-5.655
-6.015,-5.66
-6.01,-5.66
-6.02,-5.65
-6.01,-5.64
-5.99,-5.635
-5.98,-5.625
-5.975,-5.62
-5.99,-5.625
-5.99,-5.62
-6.01,-5.62
-6.015,-5.63
-6.02,-5.655
-6.01,-5.66
-6.02,-5.655
-6.015,-5.625
-6,-5.64
-5.995,-5.62
-5.985,-5.62
-5.965,-5.635
-5.975,-5.63
-5.98,-5.64
-5.985,-5.64
-5.985,-5.645
-6.005,-5.665
-6.015,-5.665
-6.01,-5.645
-6,-5.65
-6,-5.64
-5.985,-5.63
-5.975,-5.62
-5.96,-5.62
-5.975,-5.615
-5.985,-5.625
-5.97,-5.645
-5.985,-5.655
-5.99,-5.66
-6.01,-5.665
-5.99,-5.66
-6.015,-5.66
-6.005,-5.64
-5.98,-5.645
-5.97,-5.64
-5.965,-5.63
-5.965,-5.64
-5.965,-5.64
-5.99,-5.65
-5.98,-5.65
-5.98,-5.66
-5.985,-5.645
-6.005,-5.64
-5.985,-5.64
-5.985,-5.635
-5.975,-5.625
-5.95,-5.62
-5.945,-5.62
-5.96,-5.62
-5.955,-5.62
-5.965,-5.655
-5.98,-5.645
-5.975,-5.65
-5.99,-5.675
-6,-5.675
-5.985,-5.65
-5.97,-5.64
-5.955,-5.63
-5.96,-5.63
-5.95,-5.625
-5.955,-5.625
-5.955,-5.63
-5.965,-5.635
-5.97,-5.66
-5.97,-5.645
-5.98,-5.655
-5.99,-5.65
-5.99,-5.65
-5.985,-5.65
-5.97,-5.65
-5.96,-5.64
-5.96,-5.64
-5.955,-5.635
-5.96,-5.65
-5.97,-5.655
-5.97,-5.65
-5.975,-5.67
-5.985,-5.665
-5.98,-5.665
-5.98,-5.67
-5.975,-5.66
-5.97,-5.655
-5.96,-5.645
-5.95,-5.625
-5.955,-5.62
-5.97,-5.625
-5.975,-5.64
-5.99,-5.645
-5.99,-5.655
-5.985,-5.65
-5.99,-5.655
-5.98,-5.66
-5.985,-5.65
-5.985,-5.63
-5.98,-5.63
-5.955,-5.63
-5.965,-5.64
-5.945,-5.65
-5.95,-5.635
-5.965,-5.64
-5.965,-5.675
-5.975,-5.66
-5.99,-5.685
-5.975,-5.65
-5.975,-5.655
-5.955,-5.645
-5.95,-5.625
-5.935,-5.625
-5.93,-5.64
-5.92,-5.63
-5.91,-5.625
-5.915,-5.635
-5.9,-5.64
-5.895,-5.625
-5.87,-5.615
-5.84,-5.59
-5.825,-5.565
-5.815,-5.565
-5.79,-5.54
-5.745,-5.54
-5.735,-5.535
-5.705,-5.52
-5.67,-5.545
-5.63,-5.56
-5.62,-5.57
-5.63,-5.58
-5.64,-5.6
-5.63,-5.61
-5.63,-5.625
-5.62,-5.64
-5.63,-5.66
-5.6,-5.64
-5.615,-5.65
-5.66,-5.66
-5.7,-5.665
-5.735,-5.685
-5.79,-5.69
-5.855,-5.705
-5.91,-5.69
-5.93,-5.695
-5.945,-5.67
-5.945,-5.67
-5.945,-5.66
-5.935,-5.655
-5.95,-5.685
-5.955,-5.67
-5.965,-5.695
-5.975,-5.705
-5.985,-5.71
-5.975,-5.72
-5.98,-5.71
-5.98,-5.685
-5.975,-5.685
-5.96,-5.68
-5.98,-5.655
-5.97,-5.645
-5.955,-5.66
-5.96,-5.675
-5.96,-5.67
-5.96,-5.7
-5.97,-5.715
-5.98,-5.705
-5.985,-5.71
-6.015,-5.685
-6.03,-5.67
-6.04,-5.64
-6.055,-5.61
-5.985,-5.55
-5.885,-5.485
-5.715,-5.47
-5.48,-5.47
-5.165,-5.535
-4.8,-5.64
-4.44,-5.8
-4.12,-6.015
-3.91,-6.245
-3.815,-6.455
-3.875,-6.615
-4.025,-6.695
-4.31,-6.68
-4.765,-6.645
-5.245,-6.585
-5.7,-6.515
-5.99,-6.43
-6.095,-6.335
-6.03,-6.24
-5.9,-6.15
-5.795,-6.07
-5.735,-5.965
-5.72,-5.91
-5.76,-5.835
-5.825,-5.78
-5.88,-5.74
-5.92,-5.715
-5.955,-5.69
-5.96,-5.69
-5.96,-5.675
-5.965,-5.675
-5.97,-5.66
-5.97,-5.665
-5.97,-5.64
-5.99,-5.615
-5.985,-5.615
-5.995,-5.6
-5.975,-5.62
-5.975,-5.61
-5.99,-5.625
-5.995,-5.625
-6,-5.63
-6.005,-5.63
-6.015,-5.63
-6.005,-5.63
-6,-5.615
-5.975,-5.6
-5.98,-5.59
-5.98,-5.595
-5.97,-5.585
-5.98,-5.59
-5.975,-5.595
-5.985,-5.59
-5.995,-5.6
-6.025,-5.605
-6,-5.595
-5.99,-5.605
-5.98,-5.58
-5.99,-5.58
-5.98,-5.585
-5.975,-5.565
-5.975,-5.575
-5.98,-5.58
-5.985,-5.585
-5.985,-5.6
-5.995,-5.62
-5.99,-5.595
-5.98,-5.6
-5.975,-5.61
-5.985,-5.59
-5.96,-5.58
-5.945,-5.555
-5.965,-5.565
-5.945,-5.56
-5.945,-5.575
-5.93,-5.57
-5.955,-5.575
-5.945,-5.595
-5.945,-5.575
-5.95,-5.595
-5.95,-5.58
-5.935,-5.57
-5.91,-5.555
-5.9,-5.555
-5.885,-5.54
-5.88,-5.535
-5.875,-5.56
-5.865,-5.56
-5.865,-5.575
-5.865,-5.57
-5.865,-5.57
-5.87,-5.575
-5.86,-5.56
-5.84,-5.555
-5.82,-5.55
-5.805,-5.53
-5.78,-5.525
-5.77,-5.525
-5.765,-5.535
-5.755,-5.53
-5.74,-5.535
-5.735,-5.555
-5.74,-5.55
-5.715,-5.545
-5.705,-5.55
-5.68,-5.55
-5.665,-5.52
-5.63,-5.525
-5.6,-5.52
-5.59,-5.54
-5.6,-5.55
-5.585,-5.545
-5.57,-5.56
-5.565,-5.58
-5.56,-5.58
-5.555,-5.585
-5.55,-5.57
-5.53,-5.57
-5.49,-5.58
-5.475,-5.565
-5.455,-5.555
-5.435,-5.57
-5.425,-5.58
-5.425,-5.58
-5.415,-5.605
-5.405,-5.605
-5.425,-5.62
-5.41,-5.63
-5.42,-5.625
-5.41,-5.625
-5.405,-5.62
-5.4,-5.605
-5.415,-5.595
-5.415,-5.605
-5.435,-5.6
-5.435,-5.63
-5.46,-5.63
-5.475,-5.63
-5.505,-5.64
-5.525,-5.64
-5.54,-5.635
-5.575,-5.625
-5.57,-5.605
-5.605,-5.595
-5.605,-5.585
-5.635,-5.605
-5.65,-5.605
-5.675,-5.595
-5.695,-5.61
-5.72,-5.625
-5.74,-5.635
-5.755,-5.635
-5.77,-5.63
-5.775,-5.63
-5.75,-5.62
-5.765,-5.615
-5.75,-5.61
-5.765,-5.63
-5.78,-5.635
-5.785,-5.625
-5.795,-5.645
-5.795,-5.645
-5.81,-5.65
-5.81,-5.635
-5.81,-5.635
-5.815,-5.645
-5.81,-5.62
-5.81,-5.61
-5.79,-5.6
-5.77,-5.615
-5.785,-5.62
-5.775,-5.62
-5.78,-5.64
-5.79,-5.65
-5.79,-5.655
-5.8,-5.665
-5.8,-5.64
-5.78,-5.645
-5.77,-5.635
-5.76,-5.64
-5.75,-5.625
-5.745,-5.63
-5.745,-5.63
-5.755,-5.64
-5.745,-5.64
-5.79,-5.635
-5.79,-5.615
-5.78,-5.615
-5.78,-5.605
-5.77,-5.575
-5.76,-5.55
-5.74,-5.505
-5.71,-5.45
-5.655,-5.39
-5.575,-5.35
-5.465,-5.335
-5.345,-5.405
-5.2,-5.515
-5.07,-5.65
-4.91,-5.83
-4.73,-5.985
-4.505,-6.145
-4.29,-6.315
-4.07,-6.505
-3.825,-6.705
-3.62,-6.94
-3.44,-7.12
-3.3,-7.28
-3.18,-7.4
-3.08,-7.455
-3.045,-7.475
-3.01,-7.48
-2.97,-7.48
-2.97,-7.46
-2.99,-7.445
-3.015,-7.43
-3.095,-7.39
-3.185,-7.355
-3.26,-7.29
-3.305,-7.21
-3.305,-7.125
-3.295,-7.04
-3.305,-6.955
-3.34,-6.855
-3.4,-6.755
-3.52,-6.66
-3.665,-6.595
-3.815,-6.51
-3.995,-6.425
-4.21,-6.36
-4.505,-6.305
-4.87,-6.215
-5.27,-6.14
-5.615,-6.04
-5.865,-5.94
-5.99,-5.8
-6.035,-5.72
-6,-5.625
-5.975,-5.58
-5.975,-5.56
-5.99,-5.535
-6.02,-5.515
-6.1,-5.505
-6.15,-5.485
-6.21,-5.48
-6.22,-5.48
-6.245,-5.46
-6.265,-5.45
-6.295,-5.455
-6.28,-5.425
-6.3,-5.41
-6.29,-5.39
-6.295,-5.385
-6.32,-5.36
-6.34,-5.365
-6.345,-5.365
-6.365,-5.36
-6.39,-5.365
-6.405,-5.36
-6.395,-5.345
-6.415,-5.315
-6.415,-5.3
-6.42,-5.28
-6.405,-5.255
-6.405,-5.24
-6.395,-5.24
-6.4,-5.235
-6.41,-5.21
-6.415,-5.195
-6.415,-5.205
-6.415,-5.195
-6.42,-5.165
-6.42,-5.135
-6.42,-5.11
-6.41,-5.085
-6.405,-5.08
-6.385,-5.035
-6.385,-5.045
-6.38,-5.04
-6.37,-5.055
-6.4,-5.085
-6.435,-5.075
-6.465,-5.09
-6.505,-5.075
-6.515,-5.07
-6.535,-5.045
-6.54,-4.985
-6.555,-4.97
-6.58,-4.94
-6.645,-4.94
-6.71,-4.92
-6.775,-4.895
-6.855,-4.88
-6.955,-4.875
-7.015,-4.85
-7.05,-4.82
-7.105,-4.785
-7.13,-4.76
-7.155,-4.735
-7.165,-4.695
-7.185,-4.69
-7.21,-4.685
-7.235,-4.665
-7.25,-4.675
-7.28,-4.685
-7.305,-4.69
-7.32,-4.7
-7.35,-4.705
-7.345,-4.725
-7.34,-4.715
-7.3,-4.725
-7.295,-4.73
-7.28,-4.735
-7.265,-4.76
-7.245,-4.82
-7.22,-4.835
-7.2,-4.875
-7.18,-4.925
-7.145,-4.96
-7.125,-4.995
-7.065,-5.02
-7.01,-5.035
-6.95,-5.075
-6.89,-5.1
-6.825,-5.105
-6.775,-5.155
-6.705,-5.195
-6.645,-5.255
-6.605,-5.27
-6.55,-5.325
-6.52,-5.35
-6.465,-5.395
-6.41,-5.41
-6.365,-5.415
-6.32,-5.45
-6.285,-5.455
-6.265,-5.46
-6.24,-5.49
-6.22,-5.525
-6.22,-5.53
-6.205,-5.545
-6.205,-5.57
-6.19,-5.565
-6.195,-5.585
-6.185,-5.58
-6.185,-5.565
-6.17,-5.545
-6.155,-5.54
-6.165,-5.53
-6.155,-5.53
-6.17,-5.55
-6.175,-5.535
-6.185,-5.55
-6.18,-5.565
-6.2,-5.575
-6.2,-5.58
-6.205,-5.585
-6.17,-5.565
-6.155,-5.545
-6.15,-5.545
-6.145,-5.54
-6.135,-5.535
-6.145,-5.54
-6.135,-5.55
-6.145,-5.575
-6.16,-5.58
-6.16,-5.595
-6.165,-5.575
-6.16,-5.57
-6.16,-5.555
-6.145,-5.555
-6.13,-5.53
-6.14,-5.535
-6.125,-5.55
-6.12,-5.54
-6.125,-5.555
-6.13,-5.56
-6.14,-5.58
-6.14,-5.585
-6.135,-5.58
-6.135,-5.58
-6.15,-5.565
-6.125,-5.555
-6.14,-5.56
-6.115,-5.56
-6.105,-5.555
-6.105,-5.565
-6.11,-5.57
-6.11,-5.57
-6.12,-5.585
-6.115,-5.585
-6.125,-5.6
-6.12,-5.575
-6.115,-5.575
-6.105,-5.565
-6.1,-5.575
-6.095,-5.555
-6.095,-5.57
-6.1,-5.55
-6.1,-5.58
-6.11,-5.59
-6.12,-5.605
-6.115,-5.6
-6.12,-5.605
-6.12,-5.61
-6.115,-5.605
-6.095,-5.6
-6.085,-5.59
-6.075,-5.58
-6.095,-5.585
-6.085,-5.595